rank,id,tick_net,m1_net,disc_m1_minus_tick,disc_pct,tick_dd_pct,m1_dd_pct,m1_net_nobonus,m1_bonus,m1_edge_fixed,m1_closed_lots,m1_winrate,tick_nofill,slm,entries,slgap,maxhold,delay,frac,lock2,final,rr1,rr2,rr3,bb,rsi_buy,rsi_sell
1,c133,44650.2,57287.92999999941,12637.73,28.3,88.87,40.830637567841116,54401.50999999868,2886.420000000006,4694.8399999995745,962.1400000000016,50.94664371772806,290,1.7,6,0.7,180,24,0.25,true,TP3,1.2,2.5,5,0.0004,70,30
2,c074,42535.14,33497.616666661546,-9037.52,-21.2,84.79,41.03033194391201,31276.866666661677,2220.750000000002,3778.1799999991854,740.2500000000005,50.78947368421053,285,1.7,7,0.3,180,12,0.75,false,TP3,1.2,2.5,5,0.0006,75,25
3,c083,42270.16,33227.886666657956,-9042.27,-21.4,79.56,35.04754139007179,31012.506666658468,2215.379999999997,4035.9433333317793,738.4599999999979,53.771929824561404,285,1.9,7,0.5,180,12,0.5,true,TP3,1.2,2.5,5,0.0006,75,25
4,c088,39916.61,-10912.486666669072,-50829.1,-127.3,69.64,47.47001535865278,-12470.356666668895,1557.8700000000065,-1022.7033333336876,519.2900000000008,51.64628410159925,275,1.7,7,0.5,240,0,0.25,true,TP3,1.2,2.5,5,0.0008,75,25
5,c013,38662.92,58853.250000006155,20190.33,52.2,70.31,21.890838731003374,56684.49000000625,2168.760000000003,5808.64000000088,722.9200000000019,55.86975149957155,293,2.3,6,0.7,240,24,0.75,true,TP3,1.2,2.5,5,0.0004,75,25
6,c014,38312.72,28416.445714282352,-9896.27,-25.8,90.93,45.884874211564444,26037.925714282348,2378.520000000015,3505.512857142028,792.8400000000017,48.64391951006124,285,1.5,8,0.3,180,12,0.75,false,TP3,1.2,2.5,5,0.0006,80,20
7,c031,38277.92,-6764.498571424127,-45042.42,-117.7,75.24,39.92445975500981,-8208.308571424055,1443.8100000000188,-1660.3071428575277,481.2700000000013,56.17021276595745,293,2.1,8,0.5,180,0,0.25,true,TP3,1.2,2.5,5,0.0004,100,0
8,c078,38054.16,24783.755714288884,-13270.4,-34.9,93.33,44.613245861057685,22293.845714288746,2489.9100000000194,4350.155714285298,829.9700000000004,47.70723104056437,282,1.5,8,0.7,300,24,0.25,true,TP3,1.2,2.5,5,0.0006,70,30
9,c007,37809.48,34549.929999997665,-3259.55,-8.6,89.96,42.318819700328014,32162.049999997238,2387.880000000006,3595.6399999998102,795.9600000000071,45.5740578439965,285,1.5,6,0.3,300,24,0.25,false,TP3,1.2,2.5,5,0.0006,80,20
10,c022,37608.53,45789.01428571397,8180.48,21.8,74.09,37.59811332454876,43406.62428571397,2382.390000000011,6020.69571428551,794.130000000002,51.460885956644674,274,1.7,8,0.7,180,24,0.5,true,TP3,1.2,2.5,5,0.0008,75,25
11,c110,37349.41,28790.869999995863,-8558.54,-22.9,92.78,47.34775701762669,25959.409999995667,2831.4599999999987,2967.1499999997177,943.8200000000012,50.898203592814376,291,1.5,6,0.3,180,12,0.25,true,TP3,1.2,2.5,5,0.0004,75,25
12,c101,36698.22,-7373.519999999662,-44071.74,-120.1,73.99,48.85180413821274,-8991.300000000025,1617.7799999999938,-634.6000000003114,539.2600000000078,52.06378986866792,275,1.7,6,0.7,180,0,0.25,false,TP3,1.2,2.5,5,0.0008,100,0
13,c068,35810.72,24146.689999999726,-11664.03,-32.6,70.0,24.651116199392188,22377.01999999947,1769.6699999999958,3355.2900000000373,589.8900000000032,56.239015817223205,286,2.3,6,0.3,300,12,0.5,true,TP3,1.2,2.5,5,0.0006,75,25
14,c099,35516.82,46441.65000000496,10924.83,30.8,53.79,22.55951091255688,44605.410000004966,1836.2400000000068,4988.0800000007075,612.0800000000023,55.188679245283026,276,2.3,6,0.7,240,24,0.5,true,TP3,1.2,2.5,5,0.0008,100,0
15,c140,34665.08,-6933.4399999974485,-41598.52,-120.0,63.57,33.543937907263306,-8122.009999997577,1188.5700000000218,-2282.21999999947,396.18999999999784,57.88576300085252,294,2.5,8,0.7,240,0,0.25,true,TP3,1.2,2.5,5,0.0004,80,20
16,c064,32934.63,45985.699999997,13051.07,39.6,75.27,38.585457719122815,43609.39999999682,2376.2999999999993,3803.45999999973,792.1000000000032,47.264150943396224,273,1.5,6,0.3,180,24,0.5,false,TP3,1.2,2.5,5,0.0008,75,25
17,c017,30241.47,40606.76999999983,10365.3,34.3,85.89,35.9583873702723,38015.03999999931,2591.729999999995,3832.669999999729,863.9100000000014,52.22222222222223,293,1.7,6,0.7,180,24,0.5,true,TP3,1,2,4,0.0004,80,20
18,c087,30160.49,31829.98428570699,1669.49,5.5,85.04,38.52786243862903,29599.484285707105,2230.500000000012,4371.927142856119,743.4999999999994,51.24037639007699,292,1.7,8,0.3,180,24,0.5,false,TP3,1,2.5,4,0.0004,75,25
19,c132,29680.91,23317.899999997448,-6363.01,-21.4,58.06,26.83837068244755,21897.099999997212,1420.8000000000043,2755.7299999996394,473.6000000000067,58.11320754716981,275,2.5,6,0.3,180,12,0.75,true,TP3,1.2,2.5,5,0.0008,100,0
20,c122,28944.46,-12803.800000002251,-41748.26,-144.2,87.26,44.723740666127114,-14594.440000002918,1790.6399999999855,-1238.1300000008268,596.8800000000048,52.94117647058824,292,1.7,6,0.5,180,0,0.5,false,TP3,1,2,4,0.0004,75,25
21,c072,28698.6,27134.0699999919,-1564.53,-5.5,59.97,25.29224640904507,25179.479999992185,1954.589999999992,3814.3199999983117,651.5299999999979,54.01322001888575,275,1.9,7,0.3,300,12,0.75,true,TP3,1,2.5,4,0.0008,80,20
22,c037,27790.39,23318.430000003194,-4471.96,-16.1,33.38,19.428501789939084,21702.060000002515,1616.3700000000003,2729.5900000005713,538.7900000000088,61.16838487972509,289,2.5,6,0.7,240,12,0.5,true,TP3,0.8,1.5,3,0.0004,70,30
23,c046,27089.44,14061.819999997926,-13027.62,-48.1,33.83,22.17433616854329,12590.499999997148,1471.319999999999,1827.4999999996726,490.44000000000773,57.79109589041096,292,2.5,6,0.3,240,12,0.25,false,TP3,0.8,1.5,3,0.0004,100,0
24,c015,26798.56,50897.87333334144,24099.31,89.9,60.4,21.360055957611255,48750.17333334197,2147.6999999999916,5992.906666667499,715.899999999999,55.30035335689046,283,2.1,7,0.7,240,24,0.25,true,TP3,1,2.5,4,0.0006,70,30
25,c045,26350.27,22674.040000005873,-3676.23,-14.0,37.72,28.17546258361134,20826.4900000058,1847.5500000000013,3204.776666666796,615.8500000000006,55.172413793103445,289,2.1,7,0.5,240,12,0.5,false,TP3,1,2,3,0.0004,70,30
26,c000,26345.01,34999.83714286315,8654.83,32.9,58.4,21.768013606738457,33100.867142863404,1898.9700000000178,5555.705714285454,632.9899999999981,56.14035087719298,285,2.1,8,0.5,240,24,0.5,true,TP3,1,2,4,0.0006,75,25
27,c080,26213.45,-10963.452857141237,-37176.9,-141.8,69.99,39.81888593503463,-12384.91285714113,1421.4600000000194,-2322.1057142854406,473.8200000000008,56.68953687821612,290,2.1,8,0.3,180,0,0.25,false,TP3,1,2,4,0.0004,70,30
28,c016,26084.27,25892.490000007267,-191.78,-0.7,53.73,25.3076704983768,24281.550000007068,1610.9400000000028,2873.8300000002782,536.9800000000018,54.24528301886793,275,2.1,6,0.7,240,12,0.25,false,TP3,1,2,4,0.0008,100,0
29,c059,25924.02,-11913.88000000221,-37837.9,-146.0,72.92,45.59190719558232,-13453.360000002074,1539.4800000000055,-1339.5666666670732,513.1600000000016,51.70454545454546,272,1.7,7,0.5,180,0,0.25,false,TP3,1,2,4,0.0008,70,30
30,c040,25718.4,25659.799999997063,-58.6,-0.2,83.83,39.75188715038945,23373.829999997004,2285.9700000000084,3954.2257142849194,761.9900000000023,47.31277533039648,282,1.5,8,0.3,240,24,0.25,false,TP3,1,2.5,4,0.0006,70,30
31,c020,25692.85,15313.099999999817,-10379.75,-40.4,71.55,36.70889505149346,13219.4599999997,2093.6400000000053,2106.2700000001278,697.8800000000055,50.522317188983855,271,1.5,6,0.5,240,12,0.25,true,TP3,1,2,4,0.0008,70,30
32,c098,25499.34,-15966.790000005676,-41466.13,-162.6,46.51,44.22394083652117,-17453.260000005404,1486.469999999999,-2783.4766666683718,495.49000000000245,56.00000000000001,292,1.9,7,0.3,240,0,0.5,true,TP3,0.8,1.5,3,0.0004,100,0
33,c051,25468.08,-12040.990000001642,-37509.07,-147.3,74.57,44.38672540767025,-13593.850000002196,1552.85999999999,-1177.4500000006956,517.6200000000078,52.39887111947319,274,1.7,6,0.5,180,0,0.75,false,TP3,1,2,4,0.0008,75,25
34,c006,25229.14,30184.64428570296,4955.5,19.6,49.3,24.327230412379137,27939.024285703068,2245.620000000015,4054.17285714177,748.5400000000017,56.555269922879184,289,1.9,8,0.3,240,24,0.75,true,TP3,0.8,1.5,3,0.0004,70,30
35,c079,25144.85,40486.149999999965,15341.3,61.0,65.34,19.330340457011378,38579.860000001,1906.2900000000036,5031.446666665142,635.4299999999992,57.91274593669803,293,2.3,7,0.3,180,24,0.5,true,TP3,1,2,4,0.0004,100,0
36,c137,25022.45,12364.209999999825,-12658.24,-50.6,72.15,36.93001291215292,10309.239999999707,2054.9700000000075,1852.060000000114,684.990000000005,50.37735849056604,274,1.5,6,0.5,300,12,0.5,true,TP3,1,2,4,0.0008,80,20
37,c029,24437.84,26332.549999999872,1894.71,7.8,83.33,41.030293944186894,23868.949999999964,2463.599999999998,2935.2500000002037,821.2000000000022,49.29453262786596,282,1.5,6,0.5,240,24,0.25,true,TP3,1,2,4,0.0006,70,30
38,c108,24221.83,21144.92000000704,-3076.91,-12.7,62.76,31.08679818163639,19572.560000006863,1572.3599999999972,2417.3100000003105,524.1200000000035,54.90009514747859,272,2.1,6,0.7,180,12,0.25,false,TP3,1,2,4,0.0008,70,30
39,c012,24204.09,47897.190000000104,23693.1,97.9,46.51,19.403999047335812,46124.13000000096,1773.0600000000013,6154.119999998657,591.019999999999,55.33522190745986,275,2.3,7,0.3,240,24,0.25,true,TP3,1,2.5,4,0.0008,80,20
40,c057,23680.04,27692.046666666443,4012.01,16.9,88.45,43.53506151715047,25028.406666666328,2663.6400000000103,3591.706666666003,887.8799999999995,50.640478223740395,292,1.5,7,0.5,180,24,0.25,true,TP3,1,2,4,0.0004,100,0
41,c048,23386.53,10825.65285714039,-12560.88,-53.7,32.95,24.250075396728572,9580.682857140491,1244.9700000000157,2190.8042857139517,414.9900000000001,56.89819219790676,271,2.5,8,0.3,240,12,0.5,false,TP3,0.8,1.5,3,0.0008,70,30
42,c008,23331.09,17035.706666665006,-6295.38,-27.0,73.59,38.394457153931214,14845.196666665273,2190.509999999998,2677.226666665658,730.1699999999984,50.712250712250714,271,1.5,7,0.3,180,12,0.25,true,TP3,1,2.5,4,0.0008,70,30
43,c136,22716.77,23543.863333333313,827.09,3.6,33.4,23.54274419676596,21920.74333333314,1623.1199999999901,3419.5066666659404,541.039999999999,58.09768637532133,292,2.5,7,0.5,240,12,0.25,false,TP2,1.2,2.5,5,0.0004,80,20
44,c129,22517.77,32818.34285714601,10300.57,45.7,41.5,25.617640175866253,30916.372857146187,1901.9700000000225,5003.332857143199,633.9900000000007,54.46584938704028,285,2.1,8,0.3,240,24,0.25,false,TP3,1,2,3,0.0006,100,0
45,c002,22476.2,18084.140000000945,-4392.06,-19.5,36.0,25.82415193060723,16639.220000001205,1444.9200000000046,3045.030000000166,481.6400000000007,58.684210526315795,285,2.5,7,0.7,240,12,0.5,false,TP3,1,2,3,0.0006,100,0
46,c076,22186.06,22099.14333332439,-86.92,-0.4,52.31,25.595809790621367,20058.663333324894,2040.4799999999925,2997.386666664679,680.159999999997,54.991243432574436,285,1.9,7,0.3,240,12,0.25,true,TP3,1,2,3,0.0006,100,0
47,c081,22171.75,-13737.140000000378,-35908.89,-162.0,61.96,41.79814917846019,-14836.88000000072,1099.740000000003,-2427.5000000000946,366.580000000004,56.96798493408662,276,2.3,6,0.3,180,0,0.75,false,TP3,1,2.5,4,0.0008,75,25
48,c018,22059.72,9536.470000003348,-12523.25,-56.8,42.71,31.123603415850244,8033.680000003728,1502.789999999991,1721.813333332815,500.9299999999989,54.138915318744054,271,2.1,7,0.3,240,12,0.75,false,TP3,0.8,1.5,3,0.0008,70,30
49,c026,22015.94,-15525.069999996464,-37541.01,-170.5,40.11,42.15384734314057,-16598.46999999685,1073.4000000000015,-2944.6299999992916,357.80000000000405,58.94538606403014,273,2.3,6,0.7,240,0,0.25,true,TP3,0.8,1.5,3,0.0008,75,25
50,c019,21964.34,-10343.309999999336,-32307.65,-147.1,32.75,36.78503419365007,-11652.719999998806,1309.410000000001,-2211.8633333345206,436.4700000000041,56.484641638225256,292,2.3,7,0.3,300,0,0.25,false,TP3,1,2,3,0.0004,80,20
51,c030,21799.02,49314.05000000307,27515.03,126.2,49.57,19.188932788056604,47485.07000000361,1828.98,6621.416666666562,609.6599999999991,56.468366383380555,275,2.3,7,0.7,300,24,0.5,true,TP3,1,2.5,4,0.0008,100,0
52,c102,21759.44,46211.18999998883,24451.75,112.4,59.94,29.158221349199387,43737.38999998974,2473.8,5043.533333331172,824.5999999999992,54.880136986301366,291,1.9,7,0.3,180,24,0.5,true,TP3,1,2,3,0.0004,75,25
53,c113,21685.0,18211.4566666662,-3473.54,-16.0,85.49,42.281705786477055,15957.40666666656,2254.0500000000047,2789.6766666659823,751.3499999999983,48.63013698630137,291,1.5,7,0.5,300,12,0.75,false,TP3,1,2,4,0.0004,75,25
54,c041,21255.42,-10161.260000001108,-31416.68,-147.8,56.81,34.084050040472306,-11291.360000001983,1130.1000000000022,-1883.7000000002517,376.7000000000042,57.180616740088105,283,2.5,6,0.3,300,0,0.5,false,TP3,1,2,4,0.0006,70,30
55,c097,21127.13,-11200.062857149576,-32327.19,-153.0,51.73,38.90122339177131,-12568.842857149257,1368.7800000000184,-1934.2757142867413,456.26000000000045,54.3233082706767,273,1.9,8,0.3,240,0,0.25,false,TP3,1,2,3,0.0008,75,25
56,c005,20955.82,16772.42000000074,-4183.4,-20.0,55.47,26.750671867785243,15518.26999999972,1254.1500000000046,2075.949999999946,418.05000000000547,58.13510941960038,272,2.5,6,0.5,180,12,0.75,false,TP3,1,2.5,4,0.0008,70,30
57,c092,20911.83,23011.665714288712,2099.84,10.0,56.27,23.83154360198425,21607.99571428834,1403.670000000023,4490.481428571737,467.8900000000016,58.333333333333336,286,2.5,8,0.7,300,12,0.25,false,TP3,1,2.5,4,0.0006,100,0
58,c111,20797.06,46867.652857133944,26070.59,125.4,62.82,29.588088460062433,44390.342857134085,2477.3100000000145,5840.234285712475,825.7700000000024,55.2991452991453,292,1.9,8,0.5,180,24,0.75,true,TP3,1,2,3,0.0004,80,20
59,c062,20669.37,-12349.350000005237,-33018.72,-159.7,61.11,42.76949715762605,-13931.640000005229,1582.290000000005,-1903.0600000015402,527.4300000000018,54.71698113207547,289,1.9,7,0.5,180,0,0.75,false,TP3,1,2,3,0.0004,70,30
60,c063,19971.7,19759.280000004597,-212.42,-1.1,33.98,24.48412889627954,18043.880000004625,1715.3999999999942,2483.370000000861,571.8000000000059,56.98275862068966,289,2.3,6,0.7,240,12,0.25,false,TP2,1,2.5,4,0.0004,70,30
61,c090,19927.23,-13717.711428571478,-33644.94,-168.8,38.65,40.19867319438514,-14802.331428571248,1084.6200000000188,-3338.420000001155,361.5399999999982,59.735682819383264,282,2.5,8,0.5,300,0,0.75,true,TP3,0.8,1.5,3,0.0006,70,30
62,c126,19677.19,22227.109999996115,2549.92,13.0,66.35,32.74713755402917,19833.9799999958,2393.1299999999947,2553.889999999199,797.7100000000029,53.37895637296835,292,1.7,6,0.5,240,12,0.5,true,TP3,1,2,3,0.0004,80,20
63,c055,19654.55,-13432.153333338494,-33086.7,-168.3,50.4,40.89155707927115,-14965.333333338489,1533.1800000000017,-2048.2166666682606,511.0600000000026,53.562231759656655,289,1.9,7,0.5,300,0,0.25,false,TP3,1,2,3,0.0004,70,30
64,c009,19594.87,-14113.339999993412,-33708.21,-172.0,46.08,41.077269169726875,-15435.199999993802,1321.8600000000056,-2571.1199999997116,440.62000000000575,55.846422338568935,285,2.1,6,0.7,240,0,0.5,false,TP3,1,2,3,0.0006,100,0
65,c061,19457.87,-11658.51999999745,-31116.39,-159.9,34.38,38.69405561700609,-12967.149999998126,1308.630000000007,-2350.479999999712,436.2100000000055,56.77749360613811,292,2.3,6,0.5,240,0,0.75,true,TP2,1.2,2.5,5,0.0004,80,20
66,c069,18999.69,25898.56333333507,6898.87,36.3,38.99,17.720433125515285,24225.433333335506,1673.1299999999965,3826.879999999437,557.7099999999987,57.909604519774014,274,2.3,7,0.5,300,24,0.5,true,TP3,0.8,1.5,3,0.0008,80,20
67,c119,18904.32,-17529.663333335804,-36433.98,-192.7,60.36,47.63275151026124,-18950.37333333544,1420.7100000000025,-2569.010000000577,473.5700000000012,51.64628410159925,274,1.7,7,0.3,240,0,0.5,false,TP3,0.8,1.5,3,0.0008,80,20
68,c044,17924.1,17533.60000000021,-390.5,-2.2,67.31,35.37626005099743,15346.59999999953,2187.0000000000086,2199.8399999997564,729.0000000000068,51.92143467122118,292,1.7,6,0.7,240,12,0.75,false,TP3,1,2,3,0.0004,100,0
69,c003,17337.08,43106.13999999335,25769.06,148.6,72.48,36.00904991177836,40381.50999999387,2724.6300000000037,4729.506666665613,908.2100000000024,53.339041095890416,291,1.7,7,0.3,180,24,0.75,true,TP3,1,2,3,0.0004,75,25
70,c038,16827.61,-9065.201428579865,-25892.81,-153.9,57.49,42.90840656655114,-10716.641428579756,1651.4400000000207,-1791.638571429954,550.4799999999984,54.59183673469388,292,1.9,8,0.3,180,0,0.5,true,TP2,1.2,2.5,5,0.0004,100,0
71,c134,16235.13,7294.059999998499,-8941.07,-55.1,48.74,30.868929543393826,6066.249999997588,1227.8099999999965,1075.0199999996985,409.2700000000045,58.20754716981133,274,2.5,6,0.3,180,12,0.25,false,TP3,0.8,1.5,3,0.0008,100,0
72,c065,15745.91,37595.64000000754,21849.73,138.8,47.98,21.07219161968535,35489.70000000699,2105.940000000003,4257.639999999999,701.9800000000045,56.15114235500879,284,2.1,6,0.5,300,24,0.25,true,TP3,1,2,3,0.0006,75,25
73,c027,15585.24,-15868.999999997497,-31454.24,-201.8,47.34,45.57185154071868,-17194.159999997937,1325.1600000000035,-2553.8600000004953,441.7200000000056,56.069868995633186,285,2.1,6,0.3,300,0,0.5,true,TP3,1,2,3,0.0006,100,0
74,c028,15572.26,13953.955714286247,-1618.3,-10.4,65.47,30.93196103327388,11955.08571428604,1998.870000000029,2533.7600000000384,666.2900000000024,54.460093896713616,273,1.7,8,0.7,240,12,0.25,true,TP3,0.8,1.5,3,0.0008,75,25
75,c094,15085.06,8776.489999997415,-6308.57,-41.8,63.87,36.9627216481825,7102.6099999971375,1673.8799999999944,1518.0399999995861,557.960000000005,53.9622641509434,274,1.9,6,0.7,180,12,0.25,false,TP3,0.8,1.5,3,0.0008,80,20
76,c138,14567.54,24419.420000000333,9851.88,67.6,76.83,36.42339516271014,21972.7999999997,2446.6199999999953,2404.7299999997995,815.5400000000016,54.506802721088434,292,1.7,6,0.7,180,24,0.25,true,TP3,0.8,1.5,3,0.0004,100,0
77,c096,14465.15,10374.956666664992,-4090.19,-28.3,30.48,22.256513949064242,8932.376666665266,1442.580000000008,1657.8866666649774,480.86000000000155,59.93150684931506,292,2.5,7,0.3,180,12,0.5,false,TP2,1,2,3,0.0004,80,20
78,c049,14138.87,19167.040000000197,5028.17,35.6,65.03,29.99881165931949,17135.34999999962,2031.6900000000082,2514.6999999998516,677.2300000000031,52.97450424929179,273,1.7,6,0.7,300,12,0.25,true,TP3,1,2,3,0.0008,75,25
79,c058,14123.35,30830.13666666849,16706.79,118.3,44.21,25.209873389272552,29083.476666668917,1746.6599999999971,4421.876666665907,582.2199999999983,55.92625109745391,284,2.3,7,0.5,180,24,0.5,true,TP2,1.2,2.5,5,0.0006,75,25
80,c004,13654.49,15068.103333330131,1413.61,10.4,73.79,39.52762969510547,13124.973333330392,1943.1300000000033,2554.2433333328954,647.7099999999992,51.90114068441065,271,1.7,7,0.5,180,12,0.75,false,TP3,1,2,3,0.0008,70,30
81,c125,13599.32,7118.439999997405,-6480.88,-47.7,70.93,37.61307451555634,5114.9499999967475,2003.4899999999968,1361.6699999992197,667.8300000000061,51.41342756183745,282,1.7,6,0.5,300,12,0.5,false,TP3,0.8,1.5,3,0.0006,70,30
82,c053,13093.5,10778.90000000089,-2314.6,-17.7,32.44,22.20701872313037,9309.980000001124,1468.9200000000085,1838.1533333336556,489.6400000000016,59.89717223650386,292,2.5,7,0.7,240,12,0.5,true,TP2,1,2,4,0.0004,80,20
83,c086,12961.87,20832.6999999962,7870.83,60.7,49.69,25.83900497907903,18714.84999999564,2117.8500000000095,2425.079999999485,705.9500000000057,54.4054747647562,292,1.9,6,0.7,240,12,0.5,false,TP2,1,2.5,4,0.0004,80,20
84,c075,12908.62,-12725.705714283336,-25634.33,-198.6,38.87,41.85745793060469,-14065.625714283155,1339.920000000023,-2938.638571428317,446.63999999999993,54.79930191972077,285,2.1,8,0.3,240,0,0.5,false,TP2,1.2,2.5,5,0.0006,80,20
85,c035,12400.23,-12550.17333333414,-24950.4,-201.2,33.07,42.18162798396211,-13699.473333333817,1149.2999999999934,-2820.4000000011874,383.10000000000207,57.26795096322241,284,2.5,7,0.3,300,0,0.75,true,TP2,1.2,2.5,5,0.0006,75,25
86,c142,12363.56,-11525.885714290642,-23889.45,-193.2,61.71,47.163145507818726,-13047.995714290892,1522.110000000018,-1949.6600000018298,507.37000000000114,54.22842197035745,285,1.9,8,0.5,180,0,0.75,true,TP2,1.2,2.5,5,0.0006,80,20
87,c052,12114.99,15299.18999999982,3184.2,26.3,34.13,25.800664002696767,13973.249999999787,1325.940000000006,2645.1866666659917,441.98000000000053,57.183364839319474,274,2.5,7,0.5,240,12,0.75,true,TP2,1.2,2.5,5,0.0008,80,20
88,c130,12109.23,6289.089999997297,-5820.14,-48.1,70.92,40.325306637564594,4261.9899999972595,2027.1000000000045,1311.0599999998085,675.7000000000035,50.376647834274955,274,1.5,6,0.3,240,12,0.25,false,TP3,0.8,1.5,3,0.0008,100,0
89,c047,12097.07,14206.965714282807,2109.9,17.4,32.49,23.62788483859627,12728.50571428314,1478.460000000015,2745.607142856643,492.82000000000045,57.19298245614035,285,2.5,8,0.3,300,12,0.5,false,TP2,1.2,2.5,5,0.0006,100,0
90,c023,11289.72,28428.99571427364,17139.28,151.8,49.2,28.530934755637748,26164.95571427366,2264.0400000000127,4504.728571427229,754.6800000000019,52.4547803617571,289,1.9,8,0.3,300,24,0.5,true,TP2,1.2,2.5,5,0.0004,70,30
91,c082,11070.14,28182.920000002923,17112.78,154.6,70.97,37.105222528908925,25858.55000000264,2324.37,2912.1600000003455,774.7900000000036,48.62298195631529,271,1.5,6,0.7,240,24,0.5,false,TP3,1,2,3,0.0008,70,30
92,c135,10340.22,9060.178571429671,-1280.04,-12.4,31.71,27.328692055848357,7498.468571429952,1561.710000000019,1666.2942857131784,520.5699999999995,58.59709153122326,292,2.3,8,0.5,180,12,0.5,false,TP2,1,2,3,0.0004,80,20
93,c128,10151.14,20128.853333336694,9977.71,98.3,52.19,32.80453922157473,18485.003333337154,1643.849999999997,2812.379999999379,547.9499999999991,55.0519357884797,274,2.1,7,0.3,180,12,0.25,true,TP2,1.2,2.5,5,0.0008,80,20
94,c066,10091.07,12168.38000000087,2077.31,20.6,35.05,26.100269522666103,10698.10999999983,1470.269999999998,1989.0900000001639,490.0900000000076,57.52212389380531,282,2.5,6,0.5,300,12,0.25,false,TP2,1.2,2.5,5,0.0006,70,30
95,c118,10081.1,30915.723333324917,20834.62,206.7,49.67,25.6042729151202,28934.46333332542,1981.2599999999914,3930.103333331448,660.4199999999978,53.72993389990557,273,1.9,7,0.3,240,24,0.75,true,TP2,1,2.5,4,0.0008,75,25
96,c021,10007.63,31245.366666657676,21237.74,212.2,48.55,25.998734308658378,28957.266666658223,2288.0999999999954,4070.183333331617,762.699999999997,53.55004277159966,292,1.9,7,0.5,300,24,0.75,false,TP2,1,2.5,4,0.0004,100,0
97,c103,9999.1,26032.50857142963,16033.41,160.3,46.55,27.105097380836433,24492.75857143013,1539.7500000000148,4490.848571427625,513.2500000000005,57.22433460076045,271,2.3,8,0.5,180,24,0.75,true,TP2,1,2.5,4,0.0008,70,30
98,c050,9765.48,-14311.216666665467,-24076.7,-246.5,36.11,42.91821463104203,-15533.806666665057,1222.5899999999967,-3019.0233333341093,407.5300000000028,56.90559440559441,285,2.3,7,0.5,300,0,0.5,false,TP2,1,2.5,4,0.0006,80,20
99,c032,9005.47,-13118.526666667567,-22124.0,-245.7,36.91,39.54925553482179,-14129.376666667107,1010.8499999999937,-2887.456666667662,336.9500000000001,57.6271186440678,274,2.5,7,0.3,300,0,0.25,true,TP2,1,2.5,4,0.0008,100,0
100,c106,8441.74,-18178.312857145043,-26620.05,-315.3,78.64,48.118602252074886,-19761.50285714496,1583.1900000000169,-2056.4328571434526,527.7300000000007,52.268431001890356,271,1.5,8,0.3,180,0,0.5,true,TP3,0.8,1.5,3,0.0008,70,30
101,c100,7963.97,-13247.029999998536,-21211.0,-266.3,38.94,43.33018096822762,-14405.149999998215,1158.1199999999951,-2633.7266666673167,386.0400000000023,55.97365945437441,274,2.3,7,0.5,300,0,0.5,false,TP2,1.2,2.5,5,0.0008,100,0
102,c123,7480.3,23203.956666665195,15723.66,210.2,77.06,41.69790280362936,20929.566666665356,2274.3899999999976,3023.7099999989296,758.1300000000001,49.62335216572505,274,1.5,7,0.3,180,24,0.75,false,TP3,1,2,3,0.0008,100,0
103,c056,7217.93,-18472.963333333315,-25690.89,-355.9,76.86,47.63804102582402,-20043.283333333133,1570.3200000000045,-1874.4866666671878,523.4400000000023,51.75023651844843,271,1.5,7,0.5,180,0,0.75,true,TP3,0.8,1.5,3,0.0008,70,30
104,c025,7180.24,24984.919999991238,17804.68,248.0,51.08,29.047776293611015,23010.109999991717,1974.8099999999922,3705.243333331353,658.2699999999986,52.313503305004716,274,1.9,7,0.3,300,24,0.5,true,TP2,1.2,2.5,5,0.0008,80,20
105,c120,6847.52,1585.516666666168,-5262.0,-76.8,85.5,45.74899728565822,-511.153333333516,2096.6700000000033,1137.8599999994694,698.8900000000004,50.264550264550266,282,1.5,7,0.5,180,12,0.75,false,TP3,0.8,1.5,3,0.0006,70,30
106,c117,6649.96,16149.609999993627,9499.65,142.9,66.71,37.04714682042567,13936.209999993222,2213.4000000000074,2184.5499999989333,737.8000000000018,51.45631067961165,282,1.7,6,0.3,240,12,0.25,false,TP2,1.2,2.5,5,0.0006,70,30
107,c095,6545.95,12777.949999991622,6232.0,95.2,51.73,30.462257660597906,10999.549999991224,1778.399999999999,1984.02999999858,592.8000000000043,53.37773549000951,271,1.9,6,0.3,300,12,0.75,true,TP2,1,2.5,4,0.0008,70,30
108,c054,6106.63,25975.396666667948,19868.77,325.4,78.33,39.78571339101967,23654.98666666818,2320.4099999999976,3313.309999999903,773.4699999999985,49.667616334283,271,1.5,7,0.7,180,24,0.75,false,TP3,1,2,3,0.0008,70,30
109,c124,5753.08,13601.019999989614,7847.94,136.4,52.23,33.30260865224683,11581.26999998944,2019.7499999999975,1915.479999998308,673.2500000000045,53.19894829097284,285,1.9,6,0.3,300,12,0.5,true,TP2,1.2,2.5,5,0.0006,100,0
110,c109,5479.17,13018.070000004234,7538.9,137.6,36.54,29.5844725495041,11491.910000004675,1526.16000000002,2642.047142857853,508.7200000000011,57.89938217122683,282,2.3,8,0.7,180,24,0.75,true,TP2,1,2,3,0.0006,70,30
111,c116,5029.4,11781.644285716779,6752.24,134.3,30.72,30.46091214691986,10128.61428571716,1653.0300000000175,2498.0142857146566,551.0100000000016,56.39894086496028,282,2.1,8,0.3,240,24,0.5,true,TP2,1,2,3,0.0006,70,30
112,c060,4764.91,9985.260000002963,5220.35,109.6,88.14,42.82350667831252,7756.5000000030395,2228.7600000000243,2405.8571428568976,742.9200000000018,50.26223776223776,285,1.5,8,0.7,180,12,0.25,false,TP3,1,2,3,0.0006,100,0
113,c010,4367.8,8622.100000002676,4254.3,97.4,30.78,21.76302714523214,6979.0300000017505,1643.0699999999963,1062.6100000006263,547.6900000000076,59.129692832764505,291,2.3,6,0.5,240,24,0.75,false,TP2,0.8,1.5,3,0.0004,75,25
114,c036,4357.56,6473.842857144278,2116.28,48.6,30.71,26.814264874493144,4997.4228571444555,1476.4200000000171,901.115714284686,492.1400000000005,57.705779334500875,285,2.3,8,0.5,240,12,0.25,false,TP2,1,2,4,0.0006,100,0
115,c112,4301.6,15934.86000000016,11633.26,270.4,62.96,37.46115095843995,13964.519999999455,1970.3400000000065,2235.839999999771,656.780000000004,51.187084520417855,271,1.7,6,0.7,240,12,0.5,false,TP2,1.2,2.5,5,0.0008,70,30
116,c139,4209.49,13699.27000000632,9489.78,225.4,44.38,31.50212968052878,11983.81000000675,1715.4599999999987,2450.7866666676273,571.8199999999977,56.448763250883395,282,2.1,7,0.7,180,24,0.25,false,TP2,1,2,4,0.0006,70,30
117,c085,2781.22,24253.501428571777,21472.28,772.0,64.37,31.715455176980818,22178.31142857147,2075.1900000000087,4053.0957142856932,691.730000000002,51.272384542884076,273,1.7,8,0.7,240,24,0.25,true,TP2,1,2.5,4,0.0008,75,25
118,c033,1282.4,1473.4100000009057,191.01,14.9,39.71,30.40524795941489,299.2399999996892,1174.1700000000048,374.6000000001077,391.39000000000414,59.20679886685553,274,2.5,6,0.5,180,12,0.75,false,TP2,1,2,4,0.0008,80,20
119,c034,1255.87,11493.240000003869,10237.37,815.2,45.64,30.835323020379462,10090.74000000372,1402.500000000005,1739.890000000858,467.5000000000067,57.75451950523311,271,2.3,6,0.7,180,24,0.25,true,TP2,1,2,4,0.0008,70,30
120,c107,528.11,5268.6033333371815,4740.49,897.6,35.71,30.23726991915453,3608.0733333377557,1660.5300000000009,1148.92999999936,553.5099999999994,55.662862159789285,286,2.1,7,0.3,300,12,0.25,true,TP2,1,2,3,0.0006,80,20
121,c104,375.28,16614.032857142825,16238.75,4327.1,83.01,45.8688570312205,14118.512857142547,2495.5200000000214,3006.4942857127608,831.8400000000012,49.14675767918089,292,1.5,8,0.5,180,24,0.5,false,TP2,1,2.5,4,0.0004,100,0
122,c143,249.74,10219.433333326138,9969.69,3992.0,54.69,35.93497268371468,8525.393333326716,1694.039999999997,2006.5999999980704,564.6799999999996,54.90566037735849,274,1.9,7,0.3,180,24,0.75,true,TP2,1,2,4,0.0008,80,20
123,c127,82.23,11875.321428561045,11793.09,14341.6,43.49,28.976998989130394,9890.491428561261,1984.8300000000309,2507.6485714274386,661.6099999999972,54.700854700854705,292,1.9,8,0.3,300,24,0.5,true,TP2,1,2,3,0.0004,100,0
124,c144,-256.52,9742.969999997753,9999.49,3898.1,35.58,20.230945906165577,8267.029999997241,1475.9399999999969,1600.8499999995838,491.98000000000724,59.84251968503938,284,2.5,6,0.3,300,24,0.5,false,TP2,0.8,1.5,3,0.0006,75,25
125,c141,-259.79,8092.173333333216,8351.96,3214.9,35.02,20.986372547930294,6658.833333333234,1433.3400000000056,1752.2066666658502,477.78000000000134,59.84251968503938,284,2.5,7,0.5,300,24,0.5,true,TP2,0.8,1.5,3,0.0006,75,25
126,c073,-1684.82,14122.230000001677,15807.05,938.2,34.65,25.17294305207886,12659.580000001868,1462.6500000000128,3190.7014285704936,487.55000000000183,57.37240075614367,273,2.3,8,0.5,300,24,0.75,false,TP2,1,2,4,0.0008,75,25
127,c093,-1849.46,6659.979999996169,8509.44,460.1,45.41,30.438063824844264,4700.049999995821,1959.9299999999948,1192.1699999995544,653.310000000004,55.22260273972602,292,1.9,6,0.7,300,12,0.25,true,TP2,1,2,3,0.0004,80,20
128,c131,-2347.54,-20733.578571433238,-18386.04,-783.2,47.76,51.89235597241102,-22084.238571433107,1350.660000000021,-4286.300000001713,450.2199999999983,54.62478184991274,285,1.9,8,0.5,300,0,0.5,true,TP2,1,2,4,0.0006,80,20
129,c089,-2950.4,13473.500000002401,16423.9,556.7,37.81,24.783670329055347,12006.350000001701,1467.1500000000028,2170.830000000453,489.0500000000064,57.46691871455577,274,2.3,6,0.5,300,24,0.25,false,TP2,1,2,3,0.0008,80,20
130,c091,-3946.98,-20587.78333333816,-16640.8,-421.6,48.07,50.79503637352965,-21819.343333337933,1231.5599999999947,-3653.0466666682623,410.52000000000294,53.99811853245532,274,1.9,7,0.3,300,0,0.25,true,TP2,1,2,3,0.0008,80,20
131,c070,-4156.9,1812.8599999952712,5969.76,143.6,48.64,34.05871090974591,178.48999999433136,1634.3700000000001,796.0099999990125,544.7900000000072,54.709800190294956,271,1.9,6,0.5,300,12,0.75,false,TP2,1,2,3,0.0008,70,30
132,c071,-4273.67,7618.06333333339,11891.73,278.3,37.69,22.774534280012638,6163.543333334241,1454.5199999999998,1362.6333333317016,484.83999999999963,58.984007525870176,274,2.3,7,0.3,300,24,0.75,false,TP2,0.8,1.5,3,0.0008,80,20
133,c067,-4514.79,3456.539999997287,7971.33,176.6,49.41,28.21714514878496,1595.6099999968133,1860.9300000000014,570.2199999997538,620.3100000000069,57.06806282722513,285,1.9,6,0.7,240,12,0.25,false,TP2,0.8,1.5,3,0.0006,80,20
134,c115,-4525.06,13081.830000007678,17606.89,389.1,43.39,28.124224829324536,11450.790000007497,1631.0399999999925,2103.2000000003754,543.6800000000035,56.52173913043478,274,2.1,6,0.7,300,24,0.5,true,TP2,1,2,3,0.0008,80,20
135,c043,-4986.08,3710.329999995127,8696.41,174.4,46.36,28.362297919879083,1988.8999999944522,1721.429999999997,699.0799999991577,573.8100000000052,56.20300751879699,274,1.9,6,0.5,240,24,0.5,false,TP2,0.8,1.5,3,0.0008,80,20
136,c011,-5118.42,-19428.480000003136,-14310.06,-279.6,50.56,48.902544439531674,-20693.400000002897,1264.9199999999962,-3325.2433333341687,421.6400000000028,54.93885230479775,274,1.9,7,0.7,300,0,0.25,true,TP2,1,2,3,0.0008,80,20
137,c042,-5467.64,1082.0028571441653,6549.64,119.8,38.05,26.052282215179122,-262.5671428557842,1344.5700000000145,442.9342857133088,448.19000000000057,59.248826291079816,274,2.3,8,0.5,300,12,0.5,false,TP2,0.8,1.5,3,0.0008,100,0
138,c105,-5533.85,-22053.13333333756,-16519.28,-298.5,47.08,52.48208912864193,-23246.23333333734,1193.099999999993,-4325.463333334854,397.700000000003,55.86854460093896,274,1.9,7,0.3,240,0,0.5,false,TP2,0.8,1.5,3,0.0008,100,0
139,c084,-7078.61,1962.1699999968623,9040.78,127.7,61.21,36.03088584813452,-145.84000000361948,2108.009999999995,711.0499999992462,702.6700000000026,52.609067579127455,292,1.7,6,0.5,300,12,0.5,false,TP2,1,2,3,0.0004,100,0
140,c114,-8580.58,-22246.60999999771,-13666.03,-159.3,72.77,51.06558198518027,-23765.68999999808,1519.0799999999992,-2482.079999999718,506.36000000000803,50.84427767354597,274,1.5,6,0.7,180,0,0.75,true,TP2,1,2,4,0.0008,100,0
141,c152,-8687.12,75.54857142859692,8762.67,100.9,64.51,37.689803145571624,-1943.2714285715347,2018.8200000000304,722.3099999999176,672.94,52.006831767719895,292,1.7,8,0.7,300,12,0.75,false,TP2,1,2,3,0.0004,100,0
142,c077,-9195.35,-3984.4342857142983,5210.92,56.7,73.89,44.13485841441667,-6094.424285714544,2109.990000000029,569.1199999985038,703.3299999999977,50.300945829750646,289,1.5,8,0.5,240,12,0.5,false,TP2,1,2,4,0.0004,70,30
143,c001,-9540.16,-23238.10000000206,-13697.94,-143.6,63.89,54.9183857541653,-24683.560000001853,1445.459999999994,-3825.0700000004945,481.82000000000255,54.04217926186292,282,1.7,7,0.5,240,0,0.75,false,TP2,0.8,1.5,3,0.0006,70,30
144,c024,-9776.6,-2924.3271428545486,6852.27,70.1,71.81,43.20521654816986,-4768.847142854647,1844.5200000000268,852.8057142855396,614.8399999999981,50.37950664136622,271,1.5,8,0.7,240,12,0.25,true,TP2,1,2,4,0.0008,70,30
145,c121,-12222.21,-24231.04857142828,-12008.84,-98.3,72.7,53.53650837672603,-25663.338571428525,1432.2900000000143,-3683.020000001132,477.43000000000023,50.65666041275797,274,1.5,8,0.5,300,0,0.5,true,TP2,1,2,4,0.0008,100,0
146,c039,-12784.26,-4048.450000002995,8735.81,68.3,67.83,38.381956141477986,-6049.900000003045,2001.449999999995,179.5099999998638,667.1500000000013,53.6150234741784,274,1.5,6,0.3,240,12,0.5,false,TP2,0.8,1.5,3,0.0008,80,20
