rank,candidate_id,phase,signal_name,strategy_name,score,tick_pnl,max_drawdown_pct,win_rate_pct,profit_factor,max_consecutive_losing_signals,max_daily_loss,loss_count,worst_single_signal_loss,wins,losses,flats,generated_signals,tick_covered_signals,tick_coverage_pct,no_tick_signals,no_fill_signals,max_loss_signal,passes_dd25_gate,passes_dd40_gate,error
1,2e718dfd0b676f91,june,rsi60_htf_vwap_all,e5_s23_m90_tp2_defensive,3035.05,12035.4,8.79,55.37,1.429,8,2883.0,79,485.1,98,79,81,353,258,73.09,95,81,-485.1,True,True,
2,29ac420b25069841,june,rsi60_htf_vwap_all,e4_scaleout_low_dd,2983.24,12287.6,9.32,55.37,1.423,8,3030.76,79,499.68,98,79,81,353,258,73.09,95,81,-499.68,True,True,
3,d721cf9ead70b0da,june,rsi60_htf_vwap_ny_core,e6_s21_m120_tp2_fastlock,-667.96,3260.1,3.99,48.68,1.207,4,1355.76,39,493.08,37,39,33,150,109,72.67,41,33,-493.08,True,True,
4,087f0d13de44b739,june,rsi60_htf_vwap_all,e6_gap05_s18_tp2,-1824.52,11115.82,14.59,45.71,1.271,9,4418.6,95,493.08,80,95,84,353,259,73.37,94,84,-493.08,True,True,
5,97ef5b3f9909dc05,june,rsi60_htf_vwap_all,e6_s21_m120_tp2_fastlock,-1863.95,8102.46,10.88,49.72,1.225,9,3009.72,89,502.74,88,89,82,353,259,73.37,94,82,-502.74,True,True,
6,cfbb4681d4ff3766,june,rsi60_htf_vwap_ny_core,e5_s23_m90_tp2_defensive,-2832.4,1057.15,4.3,52.63,1.072,4,1387.0,36,485.1,40,36,33,150,109,72.67,41,33,-485.1,True,True,
7,a59d6398943ba1f7,june,rsi60_htf_vwap_ny_core,e4_scaleout_low_dd,-3084.32,887.56,4.52,52.63,1.058,4,1424.08,36,495.84,40,36,33,150,109,72.67,41,33,-495.84,True,True,
8,2407bf330fd3b817,june,trend_pullback_quality_all,e5_s23_m90_tp2_defensive,-3617.12,4748.1,12.24,53.96,1.195,8,2639.4,64,489.25,75,64,71,270,210,77.78,60,71,-489.25,True,True,
9,a8be278569910ed2,june,trend_pullback_quality_all,e4_scaleout_low_dd,-3834.96,4704.2,12.88,53.96,1.187,8,2721.52,64,505.44,75,64,71,270,210,77.78,60,71,-505.44,True,True,
10,bb12daf95b73e60c,june,rsi65_bb08_adx18_all,e5_s23_m90_tp2_defensive,-7696.85,8951.85,22.4,50.73,1.113,11,5105.95,202,488.0,208,202,174,776,584,75.26,192,174,-488.0,True,True,
11,1f211941b3d1ba42,june,rsi65_bb08_adx18_all,e4_scaleout_low_dd,-7784.04,9176.24,23.12,50.73,1.112,11,5257.28,202,505.44,208,202,174,776,584,75.26,192,174,-505.44,True,True,
12,a2876c7d78275c9b,june,rsi60_htf_vwap_london_ny,e5_s23_m90_tp2_defensive,-8547.7,128.65,5.92,49.59,1.006,8,2755.9,61,485.1,60,61,64,256,185,72.27,71,64,-485.1,True,True,
13,af4654658dc95720,june,rsi60_htf_vwap_london_ny,e4_scaleout_low_dd,-8850.16,6.32,6.21,49.59,1.0,8,2842.68,61,495.84,60,61,64,256,185,72.27,71,64,-495.84,True,True,
14,9806c707dff421f2,june,rsi60_htf_vwap_all,tsl18_base,8433.08,19362.08,14.04,42.94,1.472,10,3153.84,101,519.04,76,101,83,353,260,73.65,93,83,-519.04,False,True,
15,1bc73f6bdc2b63f6,june,rsi60_htf_vwap_all,e7_s20_m180_tp3_hold,5525.68,16281.16,16.87,44.07,1.393,10,3090.5,99,498.96,78,99,86,353,263,74.5,90,86,-498.96,False,True,
16,df99eb11bc95e42b,june,rsi60_htf_vwap_all,e6_s21_m150_bep,2995.37,13460.46,13.1,44.63,1.336,10,2951.76,98,502.74,79,98,83,353,260,73.65,93,83,-502.74,False,True,
17,1f1d21331f90f6a2,june,rsi60_htf_vwap_all,e6_scaleout_bep,2995.37,13460.46,13.1,44.63,1.336,10,2951.76,98,502.74,79,98,83,353,260,73.65,93,83,-502.74,False,True,
18,5854db4a16f26e75,june,rsi60_htf_vwap_ny_core,e7_s20_m180_tp3_hold,419.29,5014.8,8.32,42.11,1.281,5,1393.84,44,492.45,32,44,35,150,111,74.0,39,35,-492.45,False,True,
19,cd375abfd07bbbb5,june,rsi60_htf_vwap_ny_core,e6_s21_m150_bep,-49.74,4436.46,7.37,43.42,1.248,5,1355.76,43,495.36,33,43,34,150,110,73.33,40,34,-495.36,False,True,
20,c42a4ce815884d23,june,rsi60_htf_vwap_ny_core,e6_scaleout_bep,-49.74,4436.46,7.37,43.42,1.248,5,1355.76,43,495.36,33,43,34,150,110,73.33,40,34,-495.36,False,True,
21,bccf51c89ed1d58b,june,rsi60_htf_vwap_ny_core,e6_gap05_s18_tp2,-725.9,4447.68,6.07,44.0,1.253,4,1913.82,42,493.08,33,42,34,150,109,72.67,41,34,-493.08,False,True,
22,fed22c5890694383,june,rsi65_bb08_adx18_all,e6_s21_m150_bep,-4299.13,11889.72,24.68,40.98,1.117,12,4275.24,242,502.74,168,242,182,776,592,76.29,184,182,-502.74,False,True,
23,eff17ccb35ca152b,june,rsi65_bb08_adx18_all,e6_scaleout_bep,-4299.13,11889.72,24.68,40.98,1.117,12,4275.24,242,502.74,168,242,182,776,592,76.29,184,182,-502.74,False,True,
24,8135f3576075b4e5,june,trend_pullback_quality_all,e6_scaleout_bep,-5606.72,3538.14,17.02,41.01,1.104,11,2153.64,82,497.16,57,82,72,270,211,78.15,59,72,-497.16,False,True,
25,60681c283fc18740,june,trend_pullback_quality_all,e6_s21_m150_bep,-5606.72,3538.14,17.02,41.01,1.104,11,2153.64,82,497.16,57,82,72,270,211,78.15,59,72,-497.16,False,True,
26,320bff2bf61fa25b,june,trend_pullback_quality_all,e6_gap05_s18_tp2,-9935.77,356.59,18.73,41.73,1.01,11,2732.87,81,496.44,58,81,72,270,211,78.15,59,72,-496.44,False,True,
27,25641e43622d5c13,june,rsi65_bb08_adx18_all,e6_s21_m120_tp2_fastlock,-13398.85,3278.52,25.33,45.85,1.036,11,4580.1,222,502.74,188,222,178,776,588,75.77,188,178,-502.74,False,True,
28,7f92e35cede4ae1f,june,rsi60_htf_vwap_ny_core,tsl18_base,140.36,4758.64,8.8,39.47,1.248,5,1362.56,46,484.32,30,46,34,150,110,73.33,40,34,-484.32,False,False,
29,54137cb314cd64fd,june,trend_pullback_quality_all,tsl18_base,-736.88,8117.6,14.34,38.85,1.232,11,1978.08,85,493.44,54,85,72,270,211,78.15,59,72,-493.44,False,False,
30,1fcd47d6136bc854,june,trend_pullback_quality_all,e7_s20_m180_tp3_hold,-2017.24,7200.83,15.85,36.69,1.202,11,2113.02,88,492.45,51,88,75,270,214,79.26,56,75,-492.45,False,False,
31,3c81792257bd0ba5,june,sd_return_quality_ny_core,e5_s23_m90_tp2_defensive,-4638.07,-1268.35,4.99,35.29,0.678,5,902.4,11,482.65,6,11,8,45,25,55.56,20,8,-482.65,False,False,
32,0b15eeb3481ec7bd,june,sd_return_quality_ny_core,e4_scaleout_low_dd,-4842.58,-1401.4,5.18,35.29,0.658,5,932.68,11,496.44,6,11,8,45,25,55.56,20,8,-496.44,False,False,
33,f522536bc97d6d1e,june,sd_return_quality_london_ny,e5_s23_m90_tp2_defensive,-5171.32,-1733.2,5.18,33.33,0.607,5,902.4,12,482.65,6,12,17,62,35,56.45,27,17,-482.65,False,False,
34,02a18f5bbb899949,june,sd_return_quality_london_ny,e4_scaleout_low_dd,-5406.82,-1897.24,5.48,33.33,0.587,5,932.68,12,496.44,6,12,17,62,35,56.45,27,17,-496.44,False,False,
35,e99c33303845711c,june,sd_return_quality_all,e5_s23_m90_tp2_defensive,-5644.25,-500.95,6.38,40.62,0.93,5,1806.35,19,488.0,13,19,18,83,50,60.24,33,18,-488.0,False,False,
36,7a55aa9cd817ff41,june,sd_return_quality_all,e4_scaleout_low_dd,-5815.92,-587.52,6.57,40.62,0.921,5,1845.56,19,497.76,13,19,18,83,50,60.24,33,18,-497.76,False,False,
37,8d4482347bb78ad1,june,sd_return_quality_ny_core,e6_s21_m150_bep,-7243.88,-1796.82,7.11,29.41,0.674,5,1870.74,12,497.16,5,12,8,45,25,55.56,20,8,-497.16,False,False,
38,7832acd18fc8b2f0,june,sd_return_quality_ny_core,e6_scaleout_bep,-7243.88,-1796.82,7.11,29.41,0.674,5,1870.74,12,497.16,5,12,8,45,25,55.56,20,8,-497.16,False,False,
39,ab1544cc9b6017ee,june,sd_return_quality_all,e6_s21_m120_tp2_fastlock,-7639.3,-2358.36,9.8,37.5,0.743,5,1815.48,20,497.16,12,20,18,83,50,60.24,33,18,-497.16,False,False,
40,a90cdcfea7176c01,june,sd_return_quality_london_ny,e6_s21_m150_bep,-7754.52,-2249.46,7.23,27.78,0.622,5,1870.74,13,497.16,5,13,17,62,35,56.45,27,17,-497.16,False,False,
41,c00f1b525941a3a4,june,sd_return_quality_london_ny,e6_scaleout_bep,-7754.52,-2249.46,7.23,27.78,0.622,5,1870.74,13,497.16,5,13,17,62,35,56.45,27,17,-497.16,False,False,
42,9aa28c407ae408bd,june,round_sr_quality_ny_core,e5_s23_m90_tp2_defensive,-8638.75,-4515.95,10.75,40.54,0.49,4,1429.15,22,486.6,15,22,21,80,58,72.5,22,21,-486.6,False,False,
43,423aaffd2da25120,june,trend_pullback_quality_ny_core,e7_s20_m180_tp3_hold,-8776.1,-884.1,11.5,32.26,0.944,6,2724.89,42,492.45,20,42,38,126,100,79.37,26,38,-492.45,False,False,
44,de57227565c203cc,june,round_sr_quality_ny_core,e4_scaleout_low_dd,-8974.72,-4726.44,11.13,40.54,0.483,4,1487.92,22,499.68,15,22,21,80,58,72.5,22,21,-499.68,False,False,
45,da84e6fff198a651,june,round_sr_quality_all,e6_s21_m120_tp2_fastlock,-9281.54,-3747.48,17.04,46.34,0.8,4,2057.16,44,493.08,38,44,31,160,113,70.62,47,31,-493.08,False,False,
46,5de96545b075ba99,june,sd_return_quality_ny_core,e6_s21_m120_tp2_fastlock,-9293.06,-3148.8,8.47,29.41,0.428,5,2194.74,12,497.16,5,12,8,45,25,55.56,20,8,-497.16,False,False,
47,f25c6c0d5f0ba864,june,sd_return_quality_all,e6_s21_m150_bep,-9298.06,-3385.44,8.56,28.12,0.67,5,2007.72,23,497.16,9,23,18,83,50,60.24,33,18,-497.16,False,False,
48,232f7ddc856a7a91,june,sd_return_quality_all,e6_scaleout_bep,-9298.06,-3385.44,8.56,28.12,0.67,5,2007.72,23,497.16,9,23,18,83,50,60.24,33,18,-497.16,False,False,
49,7ea9e1b15a37762c,june,trend_pullback_quality_ny_core,e5_s23_m90_tp2_defensive,-9411.1,-4011.35,11.64,45.16,0.703,5,1845.5,34,485.1,28,34,35,126,97,76.98,29,35,-485.1,False,False,
50,447030a20c4aa045,june,round_sr_quality_london_ny,e5_s23_m90_tp2_defensive,-9547.5,-5698.4,13.32,40.0,0.516,3,1429.15,30,488.0,20,30,25,105,75,71.43,30,25,-488.0,False,False,
51,76472fc9f08a7289,june,sd_return_quality_all,e6_gap05_s18_tp2,-9655.98,-3505.08,13.15,29.03,0.657,7,1742.34,22,496.44,9,22,19,83,50,60.24,33,19,-496.44,False,False,
52,c67b44febe900567,june,trend_pullback_quality_ny_core,e6_s21_m120_tp2_fastlock,-9761.9,-4384.44,10.75,43.55,0.703,5,1807.74,35,497.16,27,35,35,126,97,76.98,29,35,-497.16,False,False,
53,e4927c22bcbb78d9,june,sd_return_quality_london_ny,e6_s21_m120_tp2_fastlock,-9799.9,-3601.44,8.75,27.78,0.395,5,2194.74,13,497.16,5,13,17,62,35,56.45,27,17,-497.16,False,False,
54,af1a5fc8accc7b07,june,trend_pullback_quality_ny_core,e4_scaleout_low_dd,-9856.08,-4332.52,12.28,45.16,0.689,5,1900.92,34,505.44,28,34,35,126,97,76.98,29,35,-505.44,False,False,
55,3be978c3eca9b22f,june,round_sr_quality_london_ny,e4_scaleout_low_dd,-9860.72,-5887.84,13.68,40.0,0.514,3,1487.92,30,499.68,20,30,25,105,75,71.43,30,25,-499.68,False,False,
56,ee050ab3f7f04048,june,trend_pullback_quality_ny_core,e6_scaleout_bep,-9866.74,-2652.24,12.92,38.71,0.832,5,2668.26,38,497.16,24,38,35,126,97,76.98,29,35,-497.16,False,False,
57,f1429eac79d14e6e,june,trend_pullback_quality_ny_core,e6_s21_m150_bep,-9866.74,-2652.24,12.92,38.71,0.832,5,2668.26,38,497.16,24,38,35,126,97,76.98,29,35,-497.16,False,False,
58,057f8841c4de2ebe,june,round_sr_quality_all,e5_s23_m90_tp2_defensive,-10018.8,-4762.4,18.54,43.9,0.737,5,1673.9,46,488.0,36,46,31,160,113,70.62,47,31,-488.0,False,False,
59,372b32d5924eea04,june,round_sr_quality_all,e4_scaleout_low_dd,-10294.8,-4852.24,19.05,43.9,0.74,5,1764.36,46,499.68,36,46,31,160,113,70.62,47,31,-499.68,False,False,
60,3786902427b9ce01,june,trend_pullback_quality_ny_core,e6_gap05_s18_tp2,-10372.04,-4622.82,11.63,37.7,0.724,5,1914.9,38,496.44,23,38,36,126,97,76.98,29,36,-496.44,False,False,
61,703e3663ae279a24,june,trend_pullback_quality_ny_core,tsl18_base,-10544.64,-2377.84,13.44,33.87,0.86,5,3079.52,41,484.32,21,41,35,126,97,76.98,29,35,-484.32,False,False,
62,d55bae135eaedb70,june,rsi65_bb08_adx18_ny_core,e5_s23_m90_tp2_defensive,-10597.05,-2934.25,17.45,48.94,0.927,7,2171.85,96,486.6,92,96,74,349,262,75.07,87,74,-486.6,False,False,
63,fcec779b37691d9c,june,rsi65_bb08_adx18_ny_core,e4_scaleout_low_dd,-11028.8,-3363.0,18.24,48.94,0.919,7,2167.84,96,505.44,92,96,74,349,262,75.07,87,74,-505.44,False,False,
64,83476276c8f0c46b,june,round_sr_quality_all,e7_s20_m180_tp3_hold,-11246.82,-3761.31,20.82,32.93,0.827,9,1814.12,55,512.54,27,55,34,160,116,72.5,44,34,-512.54,False,False,
65,a1ffccc8a6511ece,june,round_sr_quality_all,tsl18_base,-11269.68,-3640.8,21.72,32.93,0.842,9,1893.28,55,488.64,27,55,32,160,114,71.25,46,32,-488.64,False,False,
66,8be6d30dffa82202,june,rsi60_htf_vwap_london_ny,e7_s20_m180_tp3_hold,-11552.83,1459.71,19.93,38.84,1.047,10,4319.63,74,498.96,47,74,66,256,187,73.05,69,66,-498.96,False,False,
67,edda06874005876a,june,rsi60_htf_vwap_london_ny,tsl18_base,-11680.92,1603.52,19.61,35.54,1.049,10,4387.76,78,519.04,43,78,65,256,186,72.66,70,65,-519.04,False,False,
68,ff7b8a96e54970f2,june,sd_return_quality_all,e7_s20_m180_tp3_hold,-11968.59,-4919.11,11.35,21.88,0.53,7,2086.42,25,490.49,7,25,18,83,50,60.24,33,18,-490.49,False,False,
69,1e5280e61da09e3a,june,sd_return_quality_all,tsl18_base,-12059.36,-5086.16,11.11,21.88,0.537,7,2049.44,25,488.64,7,25,18,83,50,60.24,33,18,-488.64,False,False,
70,5a541390c3bd96a8,june,trend_pullback_quality_all,e6_s21_m120_tp2_fastlock,-12215.34,-2347.08,19.6,45.32,0.926,11,2585.64,76,497.16,63,76,72,270,211,78.15,59,72,-497.16,False,False,
71,720a816e0d2fff92,june,sd_return_quality_ny_core,e7_s20_m180_tp3_hold,-12250.2,-3267.74,10.65,23.53,0.438,7,3150.21,13,490.49,4,13,8,45,25,55.56,20,8,-490.49,False,False,
72,b0f3f985ba0d591b,june,round_sr_quality_ny_core,e6_s21_m120_tp2_fastlock,-12382.36,-6731.7,14.92,32.43,0.363,4,2075.16,25,493.08,12,25,21,80,58,72.5,22,21,-493.08,False,False,
73,f13dca9ee0b1516f,june,round_sr_quality_london_ny,e6_s21_m120_tp2_fastlock,-12472.54,-7291.8,16.04,36.0,0.454,3,2032.5,32,493.08,18,32,25,105,75,71.43,30,25,-493.08,False,False,
74,9e213490d987dab8,june,round_sr_quality_ny_core,e6_gap05_s18_tp2,-12713.58,-6406.32,15.55,30.56,0.441,4,2391.36,25,497.88,11,25,22,80,58,72.5,22,22,-497.88,False,False,
75,8a5d4a41124ef07e,june,round_sr_quality_all,e6_s21_m150_bep,-12717.8,-5106.96,21.88,34.15,0.763,9,1894.38,54,495.36,28,54,32,160,114,71.25,46,32,-495.36,False,False,
76,862debb72ee4acef,june,round_sr_quality_all,e6_scaleout_bep,-12717.8,-5106.96,21.88,34.15,0.763,9,1894.38,54,495.36,28,54,32,160,114,71.25,46,32,-495.36,False,False,
77,ab3df53b8deca9d6,june,sd_return_quality_london_ny,e7_s20_m180_tp3_hold,-12737.63,-3707.76,10.74,22.22,0.407,7,3150.21,14,490.49,4,14,17,62,35,56.45,27,17,-490.49,False,False,
78,30823d6bbce4d18d,june,rsi60_htf_vwap_london_ny,e6_gap05_s18_tp2,-12889.6,-1830.54,16.52,36.97,0.942,9,3507.66,75,493.08,44,75,66,256,185,72.27,71,66,-493.08,False,False,
79,8cb3249b624718fc,june,rsi60_htf_vwap_london_ny,e6_s21_m120_tp2_fastlock,-13028.73,-3203.52,15.91,40.5,0.888,9,2940.72,72,502.74,49,72,64,256,185,72.27,71,64,-502.74,False,False,
80,ab3b106fa86dbeda,june,rsi65_bb08_adx18_ny_core,e6_s21_m120_tp2_fastlock,-13094.96,-3046.38,17.59,43.62,0.93,8,3034.2,106,497.16,82,106,76,349,264,75.64,85,76,-497.16,False,False,
81,94196a4897626b41,june,round_sr_quality_ny_core,e6_s21_m150_bep,-13159.36,-7216.92,17.35,29.73,0.348,4,2184.48,26,495.36,11,26,22,80,59,73.75,21,22,-495.36,False,False,
82,75f351e2fd54a814,june,round_sr_quality_ny_core,e6_scaleout_bep,-13159.36,-7216.92,17.35,29.73,0.348,4,2184.48,26,495.36,11,26,22,80,59,73.75,21,22,-495.36,False,False,
83,8439afbbef54d9f8,june,trend_pullback_quality_london_ny,e5_s23_m90_tp2_defensive,-13242.0,-4173.45,12.54,48.39,0.775,7,3214.4,48,485.1,45,48,57,195,150,76.92,45,57,-485.1,False,False,
84,29bf613082592894,june,sd_return_quality_ny_core,tsl18_base,-13442.32,-4127.12,11.4,17.65,0.345,7,3242.64,14,483.84,3,14,8,45,25,55.56,20,8,-483.84,False,False,
85,12981d4fc1a432ec,june,round_sr_quality_all,e6_gap05_s18_tp2,-13567.6,-5483.94,21.76,38.75,0.752,9,2212.56,49,497.88,31,49,33,160,113,70.62,47,33,-497.88,False,False,
86,bdaeed9bd1ec3067,june,trend_pullback_quality_london_ny,e4_scaleout_low_dd,-13756.32,-4465.76,13.2,48.39,0.767,7,3319.52,48,505.44,45,48,57,195,150,76.92,45,57,-505.44,False,False,
87,aebf019ce0780d4b,june,round_sr_quality_ny_core,e7_s20_m180_tp3_hold,-13808.12,-6778.87,17.15,21.62,0.378,6,2222.99,29,512.54,8,29,24,80,61,76.25,19,24,-512.54,False,False,
88,accbd238fcf28082,june,rsi60_htf_vwap_london_ny,e6_s21_m150_bep,-13814.93,-213.6,19.67,38.02,0.993,10,4591.98,75,502.74,46,75,65,256,186,72.66,70,65,-502.74,False,False,
89,b9f25fba715eb644,june,rsi60_htf_vwap_london_ny,e6_scaleout_bep,-13814.93,-213.6,19.67,38.02,0.993,10,4591.98,75,502.74,46,75,65,256,186,72.66,70,65,-502.74,False,False,
90,02e85d6af740391f,june,rsi65_bb08_adx18_ny_core,e6_gap05_s18_tp2,-13845.48,-1323.6,18.58,39.78,0.973,8,4191.72,112,497.28,74,112,78,349,264,75.64,85,78,-497.28,False,False,
91,a32f674d669bb9bc,june,round_sr_quality_ny_core,tsl18_base,-13863.2,-6966.48,18.22,27.03,0.398,4,2634.88,27,484.32,10,27,22,80,59,73.75,21,22,-484.32,False,False,
92,c32ea2c33bcfb8b5,june,sd_return_quality_london_ny,tsl18_base,-13934.0,-4579.6,11.4,16.67,0.322,7,3242.64,15,483.84,3,15,17,62,35,56.45,27,17,-483.84,False,False,
93,b8231b5fdf453efa,june,round_sr_quality_london_ny,e6_gap05_s18_tp2,-13968.56,-8288.1,18.87,30.61,0.457,3,2212.56,34,497.88,15,34,26,105,75,71.43,30,26,-497.88,False,False,
94,3dadb279c5628c8d,june,round_sr_quality_london_ny,e6_s21_m150_bep,-14120.84,-8461.8,19.58,30.0,0.413,3,2184.48,35,495.36,15,35,26,105,76,72.38,29,26,-495.36,False,False,
95,0c4871d64f8bac1f,june,round_sr_quality_london_ny,e6_scaleout_bep,-14120.84,-8461.8,19.58,30.0,0.413,3,2184.48,35,495.36,15,35,26,105,76,72.38,29,26,-495.36,False,False,
96,dd7fd6c9db7f0a97,june,round_sr_quality_london_ny,tsl18_base,-14731.84,-8131.36,20.07,28.0,0.468,3,2634.88,36,488.64,14,36,26,105,76,72.38,29,26,-488.64,False,False,
97,40cd40d4884e4b0a,june,sd_return_quality_ny_core,e6_gap05_s18_tp2,-14958.62,-5308.68,13.13,12.5,0.191,7,3339.96,14,496.44,2,14,9,45,25,55.56,20,9,-496.44,False,False,
98,d938043612a3c31d,june,round_sr_quality_london_ny,e7_s20_m180_tp3_hold,-15165.95,-8063.3,19.18,24.0,0.448,6,2222.99,38,512.54,12,38,28,105,78,74.29,27,28,-512.54,False,False,
99,b100cfcca0b1d5c2,june,rsi65_bb08_adx18_ny_core,e7_s20_m180_tp3_hold,-15341.5,-299.04,20.56,37.77,0.994,8,5397.28,117,494.2,71,117,83,349,271,77.65,78,83,-494.2,False,False,
100,2cb6a41eb9259110,june,sd_return_quality_london_ny,e6_gap05_s18_tp2,-15475.82,-5793.48,13.13,11.76,0.178,7,3339.96,15,496.44,2,15,18,62,35,56.45,27,18,-496.44,False,False,
101,cb62f64abc3a4bf1,june,trend_pullback_quality_london_ny,e7_s20_m180_tp3_hold,-16569.97,-6108.41,19.05,29.03,0.767,8,3379.67,66,492.45,27,66,60,195,153,78.46,42,60,-492.45,False,False,
102,2379ab14d4726c48,june,rsi65_bb08_adx18_ny_core,e6_s21_m150_bep,-16577.18,-2859.6,17.93,39.36,0.942,8,4767.3,114,497.16,74,114,80,349,268,76.79,81,80,-497.16,False,False,
103,466c356726761da1,june,rsi65_bb08_adx18_ny_core,e6_scaleout_bep,-16577.18,-2859.6,17.93,39.36,0.942,8,4767.3,114,497.16,74,114,80,349,268,76.79,81,80,-497.16,False,False,
104,65525c17a686fd9d,june,trend_pullback_quality_london_ny,tsl18_base,-17331.68,-6715.12,20.9,31.18,0.75,8,3494.0,64,484.32,29,64,57,195,150,76.92,45,57,-484.32,False,False,
105,07cba1b85b120ce6,june,trend_pullback_quality_london_ny,e6_s21_m120_tp2_fastlock,-18551.78,-8735.52,20.07,38.71,0.632,8,3206.64,57,497.16,36,57,57,195,150,76.92,45,57,-497.16,False,False,
106,723343f73dade3bf,june,trend_pullback_quality_london_ny,e6_scaleout_bep,-18784.72,-7917.42,21.74,34.41,0.692,8,3665.16,61,497.16,32,61,57,195,150,76.92,45,57,-497.16,False,False,
107,2dcab7bc90a6f650,june,trend_pullback_quality_london_ny,e6_s21_m150_bep,-18784.72,-7917.42,21.74,34.41,0.692,8,3665.16,61,497.16,32,61,57,195,150,76.92,45,57,-497.16,False,False,
108,cdfc3975097604c2,june,trend_pullback_quality_london_ny,e6_gap05_s18_tp2,-19313.94,-8234.04,19.74,34.78,0.693,8,3782.94,60,496.44,32,60,58,195,150,76.92,45,58,-496.44,False,False,
109,5fb687a1a5358b12,june,rsi65_bb08_adx18_ny_core,tsl18_base,-19451.12,-4693.76,23.95,35.11,0.911,8,5184.8,122,484.32,66,122,80,349,268,76.79,81,80,-484.32,False,False,
110,f998ba5188619fde,june,rsi65_bb08_adx18_london_ny,e5_s23_m90_tp2_defensive,-19671.0,-6405.7,21.98,47.7,0.892,11,3766.85,148,488.0,135,148,135,557,418,75.04,139,135,-488.0,False,False,
111,137905d38fa4f097,june,rsi65_bb08_adx18_london_ny,e4_scaleout_low_dd,-20275.68,-6828.52,22.71,47.7,0.889,11,3853.12,148,505.44,135,148,135,557,418,75.04,139,135,-505.44,False,False,
112,105b8598ec8b191d,june,rsi65_bb08_adx18_all,e7_s20_m180_tp3_hold,-23688.63,10226.17,30.52,39.02,1.096,12,7537.46,250,498.96,160,250,187,776,597,76.93,179,187,-498.96,False,False,
113,6d11cb233eae8b75,june,rsi65_bb08_adx18_london_ny,e6_s21_m150_bep,-27863.29,-8677.56,25.57,36.75,0.886,12,5610.78,179,502.74,104,179,141,557,424,76.12,133,141,-502.74,False,False,
114,8d95103145288d2d,june,rsi65_bb08_adx18_london_ny,e6_scaleout_bep,-27863.29,-8677.56,25.57,36.75,0.886,12,5610.78,179,502.74,104,179,141,557,424,76.12,133,141,-502.74,False,False,
115,783356a6f2686cdd,june,rsi65_bb08_adx18_all,tsl18_base,-31028.2,8906.44,34.04,37.07,1.081,12,6941.36,258,519.04,152,258,182,776,592,76.29,184,182,-519.04,False,False,
116,e37f120bdb3fbf45,june,rsi65_bb08_adx18_london_ny,e6_s21_m120_tp2_fastlock,-31391.69,-12611.4,26.46,39.58,0.817,11,4799.46,171,502.74,112,171,137,557,420,75.4,137,137,-502.74,False,False,
117,751888dc96d6ca41,june,rsi65_bb08_adx18_london_ny,e7_s20_m180_tp3_hold,-38811.0,-10913.06,28.11,34.98,0.862,12,7370.23,184,498.96,99,184,144,557,427,76.66,130,144,-498.96,False,False,
118,cbf3fbe1b9b5e3b5,june,rsi65_bb08_adx18_london_ny,e6_gap05_s18_tp2,-46522.82,-14873.62,31.36,35.13,0.811,12,6015.18,181,497.28,98,181,141,557,420,75.4,137,141,-497.28,False,False,
119,34b756b5215a4b8f,june,rsi65_bb08_adx18_all,e6_gap05_s18_tp2,-48267.76,3923.52,40.38,41.13,1.037,12,6913.82,239,497.28,167,239,182,776,588,75.77,188,182,-497.28,False,False,
120,4e44bd873c0a3537,june,rsi65_bb08_adx18_london_ny,tsl18_base,-64190.8,-16249.6,38.05,31.8,0.805,12,7341.84,193,519.04,90,193,141,557,424,76.12,133,141,-519.04,False,False,
121,b998ba57ca4ce7a5,june,base_c160_ny_core,e5_s23_m90_tp2_defensive,-100703.0,-15891.15,55.67,44.26,0.837,17,6989.95,233,499.1,185,233,164,788,582,73.86,206,164,-499.1,False,False,
122,93e3004357847c66,june,base_c160_all,e5_s23_m90_tp2_defensive,-103185.0,2995.65,58.54,45.12,1.016,17,12828.35,500,499.1,411,500,407,1747,1318,75.44,429,407,-499.1,False,False,
123,7133666047eeb02c,june,base_c160_ny_core,e4_scaleout_low_dd,-106550.22,-17018.78,57.71,44.26,0.832,17,7305.68,233,513.36,185,233,164,788,582,73.86,206,164,-513.36,False,False,
124,6b75428f2515f1be,june,base_c160_all,e4_scaleout_low_dd,-107700.1,2589.18,60.21,45.12,1.013,17,13208.8,500,513.36,411,500,407,1747,1318,75.44,429,407,-513.36,False,False,
125,232bf31ae08e1a1b,june,base_c160_all,e6_scaleout_bep,-114536.5,5729.43,66.0,36.66,1.024,17,11748.78,577,502.74,334,577,419,1747,1330,76.13,417,419,-502.74,False,False,
126,8bddff024518d543,june,base_c160_all,e6_s21_m150_bep,-114536.5,5729.43,66.0,36.66,1.024,17,11748.78,577,502.74,334,577,419,1747,1330,76.13,417,419,-502.74,False,False,
127,d7130232935076f3,june,base_c160_ny_core,e6_s21_m120_tp2_fastlock,-120481.11,-19765.65,61.62,37.8,0.816,20,8123.04,260,497.16,158,260,167,788,585,74.24,203,167,-497.16,False,False,
128,f0116eead0732176,june,base_c160_ny_core,e6_gap05_s18_tp2,-123358.1,-15627.18,64.06,35.59,0.866,20,9128.64,266,497.28,147,266,172,788,585,74.24,203,172,-497.28,False,False,
129,5233ebb7d28d9860,june,base_c160_london_ny,e5_s23_m90_tp2_defensive,-126166.5,-20031.35,62.22,43.39,0.862,17,10112.9,364,499.1,279,364,308,1258,951,75.6,307,308,-499.1,False,False,
130,910887c5ce7def2f,june,base_c160_all,e6_s21_m120_tp2_fastlock,-131787.04,-4619.31,69.36,41.49,0.979,20,11613.48,533,502.74,378,533,412,1747,1323,75.73,424,412,-502.74,False,False,
131,202e6dce0e21b1d5,june,base_c160_london_ny,e4_scaleout_low_dd,-132019.26,-21246.9,64.28,43.39,0.859,17,10367.64,364,513.36,279,364,308,1258,951,75.6,307,308,-513.36,False,False,
132,872ba73b9b412a44,june,base_c160_ny_core,e7_s20_m180_tp3_hold,-133086.97,-17251.52,65.6,31.34,0.856,18,11840.01,287,496.86,131,287,183,788,601,76.27,187,183,-496.86,False,False,
133,6ca08cb5188a502a,june,base_c160_london_ny,e6_scaleout_bep,-151502.24,-23624.55,71.52,33.9,0.866,17,11131.26,425,502.74,218,425,318,1258,961,76.39,297,318,-502.74,False,False,
134,c74a64748fce50e8,june,base_c160_london_ny,e6_s21_m150_bep,-151502.24,-23624.55,71.52,33.9,0.866,17,11131.26,425,502.74,218,425,318,1258,961,76.39,297,318,-502.74,False,False,
135,5db03f24f8a85513,june,base_c160_ny_core,e6_scaleout_bep,-152323.49,-22210.35,74.7,32.3,0.81,17,10113.78,283,497.16,135,283,174,788,592,75.13,196,174,-497.16,False,False,
136,55123f3980183cdb,june,base_c160_ny_core,e6_s21_m150_bep,-152323.49,-22210.35,74.7,32.3,0.81,17,10113.78,283,497.16,135,283,174,788,592,75.13,196,174,-497.16,False,False,
137,1aaee048de83fafd,june,base_c160_london_ny,e6_s21_m120_tp2_fastlock,-153402.04,-29545.59,70.54,37.64,0.819,20,9713.34,401,502.74,242,401,311,1258,954,75.83,304,311,-502.74,False,False,
138,33dec98e9e0b84b9,june,base_c160_all,tsl18_base,-155402.2,9072.12,84.6,33.92,1.036,17,15035.2,602,519.04,309,602,419,1747,1330,76.13,417,419,-519.04,False,False,
139,d5cfa7eab89a15f4,june,base_c160_london_ny,e6_gap05_s18_tp2,-159031.78,-26943.46,72.38,34.8,0.851,20,11867.94,414,497.28,221,414,319,1258,954,75.83,304,319,-497.28,False,False,
140,d378d56e9e11afca,june,base_c160_all,e6_gap05_s18_tp2,-159106.49,222.99,84.9,38.1,1.001,20,11929.02,559,497.28,344,559,420,1747,1323,75.73,424,420,-497.28,False,False,
141,6c475e68c967bbd8,june,base_c160_all,e7_s20_m180_tp3_hold,-162728.22,-2339.06,81.05,34.8,0.991,20,16011.94,594,498.96,317,594,431,1747,1342,76.82,405,431,-498.96,False,False,
142,6fb9f7f29ada1c42,june,base_c160_london_ny,e7_s20_m180_tp3_hold,-179584.43,-27682.49,81.02,32.5,0.849,20,12961.13,434,498.96,209,434,328,1258,971,77.19,287,328,-498.96,False,False,
143,9e122a1b74a50a40,june,base_c160_ny_core,tsl18_base,-181068.56,-24254.96,87.48,29.43,0.804,17,10567.92,295,484.32,123,295,174,788,592,75.13,196,174,-484.32,False,False,
144,5f830f24d4667c18,june,base_c160_london_ny,tsl18_base,-213541.44,-31254.72,97.34,30.64,0.834,17,12318.4,446,519.04,197,446,318,1258,961,76.39,297,318,-519.04,False,False,
