cell,strategy,entries,trailing_open,trailing_close,trail_after_stage,sl_multiplier,final_target,activation_delay,max_hold,jan_net,jan_dd,jan_edge,jan_oos,jan_signals,pass_dd40,pass_dd50
vcal_e8_to05_tc05_s1_slm17_TP3_ad0_mh240,VIC,8,0.5,0.5,1,1.7,TP3,0,240,4914300.95,11.83,48822.36,3260.91,1319,True,True
vcal_e8_to05_tc05_s1_slm17_TP3_ad0_mh300,VIC,8,0.5,0.5,1,1.7,TP3,0,300,4733608.58,11.82,48678.41,3284.46,1319,True,True
vcal_e8_to05_tc05_s1_slm17_TP3_ad2_mh240,VIC,8,0.5,0.5,1,1.7,TP3,2,240,4768373.19,11.83,48664.88,3127.67,1319,True,True
vcal_e8_to05_tc05_s1_slm17_TP3_ad2_mh300,VIC,8,0.5,0.5,1,1.7,TP3,2,300,4589754.07,11.82,48422.88,3151.22,1319,True,True
vcal_e8_to05_tc05_s1_slm17_TP3_ad1_mh240,VIC,8,0.5,0.5,1,1.7,TP3,1,240,4766461.99,11.83,48403.64,3112.75,1319,True,True
vcal_e8_to05_tc05_s1_slm17_TP3_ad1_mh300,VIC,8,0.5,0.5,1,1.7,TP3,1,300,4570178.36,11.81,48205.34,3136.3,1319,True,True
vcal_e8_to05_tc05_s1_slm17_TP3_ad0_mh150,VIC,8,0.5,0.5,1,1.7,TP3,0,150,4418474.65,11.83,47545.7,3129.89,1319,True,True
vcal_e8_to05_tc05_s1_slm17_TP3_ad2_mh150,VIC,8,0.5,0.5,1,1.7,TP3,2,150,4240746.82,11.81,47254.21,3096.05,1319,True,True
vcal_e8_to05_tc05_s1_slm17_TP3_ad1_mh150,VIC,8,0.5,0.5,1,1.7,TP3,1,150,4279231.78,11.81,47065.06,3074.0,1319,True,True
vcal_e8_to05_tc05_s1_slm15_TP3_ad0_mh240,VIC,8,0.5,0.5,1,1.5,TP3,0,240,7322094.75,11.7,46689.56,3196.97,1319,True,True
vcal_e8_to05_tc05_s1_slm15_TP3_ad0_mh300,VIC,8,0.5,0.5,1,1.5,TP3,0,300,6998400.64,11.67,46569.16,3198.57,1319,True,True
vcal_e8_to05_tc05_s1_slm15_TP3_ad2_mh240,VIC,8,0.5,0.5,1,1.5,TP3,2,240,6994468.91,11.68,46453.98,3063.73,1319,True,True
vcal_e8_to05_tc05_s1_slm15_TP3_ad1_mh240,VIC,8,0.5,0.5,1,1.5,TP3,1,240,7010845.58,11.7,46333.18,3048.81,1319,True,True
vcal_e8_to05_tc05_s1_slm15_TP3_ad2_mh300,VIC,8,0.5,0.5,1,1.5,TP3,2,300,6694274.14,11.69,46214.15,3065.33,1319,True,True
vcal_e8_to05_tc05_s1_slm15_TP3_ad1_mh300,VIC,8,0.5,0.5,1,1.5,TP3,1,300,6703582.46,11.68,46158.43,3050.41,1319,True,True
vcal_e8_to05_tc15_s1_slm17_TP3_ad0_mh240,VIC,8,0.5,1.5,1,1.7,TP3,0,240,3603982.29,11.9,45626.34,3042.07,1319,True,True
vcal_e8_to05_tc15_s1_slm17_TP3_ad2_mh240,VIC,8,0.5,1.5,1,1.7,TP3,2,240,3477398.82,11.88,45461.55,2915.83,1319,True,True
vcal_e8_to05_tc05_s1_slm15_TP3_ad0_mh150,VIC,8,0.5,0.5,1,1.5,TP3,0,150,6555447.93,11.69,45433.81,3084.56,1319,True,True
vcal_e8_to05_tc15_s1_slm17_TP3_ad0_mh300,VIC,8,0.5,1.5,1,1.7,TP3,0,300,3454083.99,11.93,45417.39,3065.62,1319,True,True
vcal_e8_to05_tc15_s1_slm17_TP3_ad1_mh240,VIC,8,0.5,1.5,1,1.7,TP3,1,240,3460673.44,11.89,45211.78,2900.91,1319,True,True
vcal_e8_to05_tc05_s1_slm15_TP3_ad2_mh150,VIC,8,0.5,0.5,1,1.5,TP3,2,150,6175463.64,11.69,45171.33,3049.82,1319,True,True
vcal_e8_to05_tc15_s1_slm17_TP3_ad2_mh300,VIC,8,0.5,1.5,1,1.7,TP3,2,300,3311573.41,11.89,45149.55,2939.38,1319,True,True
vcal_e8_to05_tc05_s1_slm15_TP3_ad1_mh150,VIC,8,0.5,0.5,1,1.5,TP3,1,150,6268331.34,11.7,45022.94,3031.25,1319,True,True
vcal_e8_to05_tc15_s1_slm17_TP3_ad1_mh300,VIC,8,0.5,1.5,1,1.7,TP3,1,300,3323398.01,11.91,44943.48,2924.46,1319,True,True
vcal_e8_to05_tc05_s1_slm17_TP3_ad0_mh90,VIC,8,0.5,0.5,1,1.7,TP3,0,90,3514416.37,11.56,44755.4,2950.86,1319,True,True
vcal_e8_to05_tc15_s1_slm17_TP3_ad0_mh150,VIC,8,0.5,1.5,1,1.7,TP3,0,150,3295372.66,11.92,44545.55,2912.4,1319,True,True
vcal_e8_to05_tc05_s1_slm17_TP3_ad2_mh90,VIC,8,0.5,0.5,1,1.7,TP3,2,90,3364894.39,11.55,44280.28,2868.64,1319,True,True
vcal_e8_to05_tc05_s1_slm17_TP3_ad1_mh90,VIC,8,0.5,0.5,1,1.7,TP3,1,90,3385241.33,11.59,44271.24,2848.75,1319,True,True
vcal_e8_to05_tc15_s1_slm17_TP3_ad2_mh150,VIC,8,0.5,1.5,1,1.7,TP3,2,150,3143481.44,11.92,44239.75,2878.56,1319,True,True
vcal_e8_to05_tc05_s1_slm17_TP2_ad0_mh240,VIC,8,0.5,0.5,1,1.7,TP2,0,240,3074927.37,11.79,44224.48,3082.62,1319,True,True
vcal_e8_to05_tc05_s1_slm17_TP2_ad2_mh240,VIC,8,0.5,0.5,1,1.7,TP2,2,240,3067598.71,11.83,44185.26,2961.84,1319,True,True
vcal_e8_to05_tc15_s1_slm17_TP3_ad1_mh150,VIC,8,0.5,1.5,1,1.7,TP3,1,150,3176417.79,11.92,44062.07,2856.51,1319,True,True
vcal_e8_to05_tc05_s1_slm17_TP2_ad0_mh300,VIC,8,0.5,0.5,1,1.7,TP2,0,300,2955951.74,11.81,43956.61,3106.17,1319,True,True
vcal_e8_to05_tc05_s1_slm17_TP2_ad2_mh300,VIC,8,0.5,0.5,1,1.7,TP2,2,300,2924719.72,11.79,43864.15,2985.39,1319,True,True
vcal_e8_to05_tc05_s1_slm17_TP2_ad1_mh240,VIC,8,0.5,0.5,1,1.7,TP2,1,240,2979774.53,11.81,43769.35,2946.92,1319,True,True
vcal_e8_to05_tc15_s1_slm15_TP3_ad0_mh240,VIC,8,0.5,1.5,1,1.5,TP3,0,240,5114307.37,11.77,43601.28,2981.13,1319,True,True
vcal_e8_to05_tc05_s1_slm17_TP2_ad1_mh300,VIC,8,0.5,0.5,1,1.7,TP2,1,300,2847003.51,11.78,43490.11,2970.47,1319,True,True
vcal_e8_to05_tc15_s1_slm15_TP3_ad0_mh300,VIC,8,0.5,1.5,1,1.5,TP3,0,300,4946192.03,11.76,43421.88,2982.73,1319,True,True
vcal_e8_to05_tc15_s1_slm15_TP3_ad2_mh240,VIC,8,0.5,1.5,1,1.5,TP3,2,240,4962107.36,11.81,43357.39,2854.89,1319,True,True
vcal_e8_to05_tc15_s1_slm15_TP3_ad1_mh240,VIC,8,0.5,1.5,1,1.5,TP3,1,240,4960492.89,11.75,43247.06,2839.97,1319,True,True
vcal_e8_to05_tc05_s1_slm17_TP2_ad0_mh150,VIC,8,0.5,0.5,1,1.7,TP2,0,150,2812242.26,11.78,43200.54,2980.1,1319,True,True
vcal_e8_to05_tc05_s1_slm17_TP2_ad2_mh150,VIC,8,0.5,0.5,1,1.7,TP2,2,150,2806710.1,11.78,43156.87,2946.26,1319,True,True
vcal_e8_to05_tc15_s1_slm15_TP3_ad2_mh300,VIC,8,0.5,1.5,1,1.5,TP3,2,300,4711191.1,11.8,43053.56,2856.49,1319,True,True
vcal_e8_to05_tc05_s1_slm15_TP3_ad0_mh90,VIC,8,0.5,0.5,1,1.5,TP3,0,90,5217095.38,11.5,43028.95,2922.06,1319,True,True
vcal_e8_to05_tc15_s1_slm15_TP3_ad1_mh300,VIC,8,0.5,1.5,1,1.5,TP3,1,300,4735067.46,11.8,43008.31,2841.57,1319,True,True
vcal_e8_to05_tc05_s1_slm17_TP2_ad1_mh150,VIC,8,0.5,0.5,1,1.7,TP2,1,150,2757047.86,11.84,42847.85,2924.21,1319,True,True
vcal_e7_to05_tc05_s1_slm17_TP3_ad0_mh240,VIC,7,0.5,0.5,1,1.7,TP3,0,240,5121228.68,11.72,42742.04,2836.56,1319,True,True
vcal_e7_to05_tc05_s1_slm17_TP3_ad2_mh240,VIC,7,0.5,0.5,1,1.7,TP3,2,240,5035378.6,11.71,42696.02,2723.43,1319,True,True
vcal_e7_to05_tc05_s1_slm17_TP3_ad0_mh300,VIC,7,0.5,0.5,1,1.7,TP3,0,300,4984404.68,11.7,42677.58,2855.72,1319,True,True
vcal_e8_to05_tc05_s1_slm15_TP3_ad1_mh90,VIC,8,0.5,0.5,1,1.5,TP3,1,90,4970924.93,11.5,42602.53,2819.95,1319,True,True
vcal_e8_to05_tc05_s1_slm15_TP3_ad2_mh90,VIC,8,0.5,0.5,1,1.5,TP3,2,90,4943957.07,11.49,42579.36,2839.84,1319,True,True
vcal_e8_to05_tc15_s1_slm15_TP3_ad0_mh150,VIC,8,0.5,1.5,1,1.5,TP3,0,150,4699316.15,11.75,42538.5,2868.07,1319,True,True
vcal_e7_to05_tc05_s1_slm17_TP3_ad2_mh300,VIC,7,0.5,0.5,1,1.7,TP3,2,300,4825048.14,11.74,42489.79,2742.59,1319,True,True
vcal_e7_to05_tc05_s1_slm17_TP3_ad1_mh240,VIC,7,0.5,0.5,1,1.7,TP3,1,240,5036112.71,11.74,42473.42,2709.29,1319,True,True
vcal_e7_to05_tc05_s1_slm17_TP3_ad1_mh300,VIC,7,0.5,0.5,1,1.7,TP3,1,300,4859257.94,11.71,42323.31,2728.45,1319,True,True
vcal_e8_to05_tc15_s1_slm15_TP3_ad2_mh150,VIC,8,0.5,1.5,1,1.5,TP3,2,150,4472241.7,11.75,42260.71,2833.33,1319,True,True
vcal_e8_to05_tc05_s1_slm15_TP2_ad0_mh240,VIC,8,0.5,0.5,1,1.5,TP2,0,240,4345243.99,11.68,42164.49,3040.94,1319,True,True
vcal_e8_to05_tc15_s1_slm17_TP3_ad0_mh90,VIC,8,0.5,1.5,1,1.7,TP3,0,90,2724115.26,11.63,42131.04,2760.16,1319,True,True
vcal_e8_to05_tc15_s1_slm15_TP3_ad1_mh150,VIC,8,0.5,1.5,1,1.5,TP3,1,150,4512462.11,11.75,42122.79,2814.76,1319,True,True
vcal_e8_to05_tc05_s1_slm15_TP2_ad2_mh240,VIC,8,0.5,0.5,1,1.5,TP2,2,240,4257544.75,11.67,42059.59,2920.16,1319,True,True
vcal_e8_to05_tc15_s1_slm17_TP2_ad0_mh240,VIC,8,0.5,1.5,1,1.7,TP2,0,240,2502244.35,11.85,42058.71,2900.62,1319,True,True
vcal_e8_to05_tc15_s1_slm17_TP2_ad2_mh240,VIC,8,0.5,1.5,1,1.7,TP2,2,240,2469501.77,11.8,41988.18,2779.84,1319,True,True
vcal_e8_to05_tc05_s1_slm15_TP2_ad0_mh300,VIC,8,0.5,0.5,1,1.5,TP2,0,300,4145107.83,11.65,41920.17,3042.54,1319,True,True
vcal_e8_to05_tc05_s1_slm15_TP2_ad1_mh240,VIC,8,0.5,0.5,1,1.5,TP2,1,240,4160684.47,11.63,41784.12,2905.24,1319,True,True
vcal_e8_to05_tc05_s1_slm15_TP2_ad2_mh300,VIC,8,0.5,0.5,1,1.5,TP2,2,300,4027185.62,11.65,41740.65,2921.76,1319,True,True
vcal_e8_to05_tc15_s1_slm17_TP2_ad0_mh300,VIC,8,0.5,1.5,1,1.7,TP2,0,300,2384274.97,11.83,41736.84,2924.17,1319,True,True
vcal_e8_to05_tc15_s1_slm17_TP3_ad1_mh90,VIC,8,0.5,1.5,1,1.7,TP3,1,90,2599653.4,11.61,41655.04,2666.05,1319,True,True
vcal_e8_to05_tc15_s1_slm17_TP3_ad2_mh90,VIC,8,0.5,1.5,1,1.7,TP3,2,90,2576656.47,11.65,41641.61,2685.94,1319,True,True
vcal_e8_to05_tc15_s1_slm17_TP2_ad2_mh300,VIC,8,0.5,1.5,1,1.7,TP2,2,300,2339456.5,11.82,41613.07,2803.39,1319,True,True
vcal_e8_to05_tc15_s1_slm17_TP2_ad1_mh240,VIC,8,0.5,1.5,1,1.7,TP2,1,240,2412332.77,11.83,41599.74,2764.92,1319,True,True
vcal_e7_to05_tc05_s1_slm17_TP3_ad0_mh150,VIC,7,0.5,0.5,1,1.7,TP3,0,150,4594649.97,11.69,41592.13,2698.7,1319,True,True
vcal_e8_to05_tc05_s1_slm15_TP2_ad1_mh300,VIC,8,0.5,0.5,1,1.5,TP2,1,300,3969903.61,11.65,41528.43,2906.84,1319,True,True
vcal_e7_to05_tc05_s1_slm17_TP3_ad2_mh150,VIC,7,0.5,0.5,1,1.7,TP3,2,150,4435548.06,11.72,41393.58,2670.84,1319,True,True
vcal_e8_to05_tc15_s1_slm17_TP2_ad1_mh300,VIC,8,0.5,1.5,1,1.7,TP2,1,300,2301030.63,11.91,41266.5,2788.47,1319,True,True
vcal_e7_to05_tc05_s1_slm17_TP3_ad1_mh150,VIC,7,0.5,0.5,1,1.7,TP3,1,150,4461106.57,11.7,41210.87,2650.15,1319,True,True
vcal_e8_to05_tc15_s1_slm17_TP2_ad0_mh150,VIC,8,0.5,1.5,1,1.7,TP2,0,150,2322363.88,11.86,41183.85,2804.1,1319,True,True
vcal_e8_to05_tc05_s1_slm15_TP2_ad0_mh150,VIC,8,0.5,0.5,1,1.5,TP2,0,150,3955596.55,11.65,41163.98,2946.19,1319,True,True
vcal_e8_to05_tc05_s1_slm15_TP2_ad2_mh150,VIC,8,0.5,0.5,1,1.5,TP2,2,150,3902897.34,11.66,41154.74,2911.45,1319,True,True
vcal_e8_to05_tc15_s1_slm17_TP2_ad2_mh150,VIC,8,0.5,1.5,1,1.7,TP2,2,150,2303042.68,11.83,41103.87,2770.26,1319,True,True
vcal_e8_to05_tc05_s1_slm15_TP2_ad1_mh150,VIC,8,0.5,0.5,1,1.5,TP2,1,150,3844188.59,11.66,40886.48,2892.88,1319,True,True
vcal_e8_to05_tc15_s1_slm17_TP2_ad1_mh150,VIC,8,0.5,1.5,1,1.7,TP2,1,150,2280412.01,11.85,40822.32,2748.21,1319,True,True
vcal_e7_to05_tc05_s1_slm15_TP3_ad0_mh240,VIC,7,0.5,0.5,1,1.5,TP3,0,240,7526750.23,11.56,40779.75,2773.8,1319,True,True
vcal_e7_to05_tc05_s1_slm15_TP3_ad0_mh300,VIC,7,0.5,0.5,1,1.5,TP3,0,300,7330870.65,11.54,40726.93,2775.4,1319,True,True
vcal_e7_to05_tc05_s1_slm15_TP3_ad2_mh240,VIC,7,0.5,0.5,1,1.5,TP3,2,240,7309676.02,11.55,40660.2,2660.67,1319,True,True
vcal_e7_to05_tc05_s1_slm15_TP3_ad1_mh240,VIC,7,0.5,0.5,1,1.5,TP3,1,240,7343295.02,11.57,40503.79,2646.53,1319,True,True
vcal_e8_to05_tc05_s1_slm17_TP2_ad0_mh90,VIC,8,0.5,0.5,1,1.7,TP2,0,90,2270470.24,11.52,40489.87,2898.69,1319,True,True
vcal_e8_to05_tc15_s1_slm15_TP3_ad0_mh90,VIC,8,0.5,1.5,1,1.5,TP3,0,90,3897080.12,11.53,40487.43,2731.36,1319,True,True
vcal_e7_to05_tc05_s1_slm15_TP3_ad2_mh300,VIC,7,0.5,0.5,1,1.5,TP3,2,300,7011982.84,11.55,40458.51,2662.27,1319,True,True
vcal_e7_to05_tc05_s1_slm15_TP3_ad1_mh300,VIC,7,0.5,0.5,1,1.5,TP3,1,300,7055863.17,11.55,40372.46,2648.13,1319,True,True
vcal_e8_to05_tc05_s1_slm17_TP2_ad2_mh90,VIC,8,0.5,0.5,1,1.7,TP2,2,90,2225814.69,11.55,40249.51,2816.47,1319,True,True
vcal_e8_to05_tc05_s1_slm17_TP2_ad1_mh90,VIC,8,0.5,0.5,1,1.7,TP2,1,90,2215470.16,11.49,40135.16,2796.58,1319,True,True
vcal_e8_to05_tc15_s1_slm15_TP2_ad0_mh240,VIC,8,0.5,1.5,1,1.5,TP2,0,240,3452977.8,11.73,40084.8,2858.94,1319,True,True
vcal_e8_to05_tc15_s1_slm15_TP3_ad1_mh90,VIC,8,0.5,1.5,1,1.5,TP3,1,90,3747280.95,11.51,40067.17,2637.25,1319,True,True
vcal_e8_to05_tc15_s1_slm15_TP3_ad2_mh90,VIC,8,0.5,1.5,1,1.5,TP3,2,90,3688754.17,11.58,40024.53,2657.14,1319,True,True
vcal_e8_to05_tc15_s1_slm15_TP2_ad2_mh240,VIC,8,0.5,1.5,1,1.5,TP2,2,240,3363378.44,11.72,39945.59,2738.16,1319,True,True
vcal_e7_to05_tc15_s1_slm17_TP3_ad0_mh240,VIC,7,0.5,1.5,1,1.7,TP3,0,240,3754728.55,11.8,39926.69,2645.39,1319,True,True
vcal_e7_to05_tc15_s1_slm17_TP3_ad2_mh240,VIC,7,0.5,1.5,1,1.7,TP3,2,240,3669657.44,11.8,39872.36,2538.26,1319,True,True
vcal_e7_to05_tc15_s1_slm17_TP3_ad0_mh300,VIC,7,0.5,1.5,1,1.7,TP3,0,300,3623209.06,11.78,39804.23,2664.55,1319,True,True
vcal_e8_to05_tc05_s1_slm17_TP3_ad0_mh60,VIC,8,0.5,0.5,1,1.7,TP3,0,60,2082568.92,11.32,39793.96,2411.07,1319,True,True
vcal_e8_to05_tc15_s1_slm15_TP2_ad0_mh300,VIC,8,0.5,1.5,1,1.5,TP2,0,300,3240656.61,11.74,39792.48,2860.54,1319,True,True
vcal_e7_to05_tc05_s1_slm15_TP3_ad0_mh150,VIC,7,0.5,0.5,1,1.5,TP3,0,150,6749621.86,11.57,39698.47,2668.02,1319,True,True
vcal_e8_to05_tc05_s1_slm17_TP3_ad2_mh60,VIC,8,0.5,0.5,1,1.7,TP3,2,60,2028089.03,11.32,39697.26,2275.6,1319,True,True
vcal_e8_to05_tc15_s1_slm15_TP2_ad1_mh240,VIC,8,0.5,1.5,1,1.5,TP2,1,240,3326052.95,11.73,39696.59,2723.24,1319,True,True
vcal_e7_to05_tc15_s1_slm17_TP3_ad1_mh240,VIC,7,0.5,1.5,1,1.7,TP3,1,240,3648625.68,11.79,39660.23,2524.12,1319,True,True
vcal_e7_to05_tc15_s1_slm17_TP3_ad2_mh300,VIC,7,0.5,1.5,1,1.7,TP3,2,300,3511242.76,11.79,39604.13,2557.42,1319,True,True
vcal_e8_to05_tc15_s1_slm15_TP2_ad2_mh300,VIC,8,0.5,1.5,1,1.5,TP2,2,300,3200040.81,11.74,39578.65,2739.76,1319,True,True
vcal_e7_to05_tc05_s1_slm15_TP3_ad2_mh150,VIC,7,0.5,0.5,1,1.5,TP3,2,150,6503560.43,11.55,39516.28,2639.26,1319,True,True
vcal_e8_to05_tc05_s1_slm17_TP3_ad1_mh60,VIC,8,0.5,0.5,1,1.7,TP3,1,60,2010706.44,11.31,39459.72,2279.48,1319,True,True
vcal_e7_to05_tc15_s1_slm17_TP3_ad1_mh300,VIC,7,0.5,1.5,1,1.7,TP3,1,300,3516929.18,11.77,39448.12,2543.28,1319,True,True
vcal_e8_to05_tc15_s1_slm15_TP2_ad1_mh300,VIC,8,0.5,1.5,1,1.5,TP2,1,300,3160866.58,11.71,39392.9,2724.84,1319,True,True
vcal_e7_to05_tc05_s1_slm15_TP3_ad1_mh150,VIC,7,0.5,0.5,1,1.5,TP3,1,150,6500023.28,11.54,39347.2,2622.05,1319,True,True
vcal_e8_to05_tc15_s1_slm15_TP2_ad0_mh150,VIC,8,0.5,1.5,1,1.5,TP2,0,150,3180315.69,11.73,39220.29,2770.19,1319,True,True
vcal_e8_to05_tc15_s1_slm15_TP2_ad2_mh150,VIC,8,0.5,1.5,1,1.5,TP2,2,150,3122078.62,11.71,39171.74,2735.45,1319,True,True
vcal_e7_to05_tc05_s1_slm17_TP3_ad0_mh90,VIC,7,0.5,0.5,1,1.7,TP3,0,90,3599484.61,11.5,39128.07,2554.07,1319,True,True
vcal_e7_to05_tc15_s1_slm17_TP3_ad0_mh150,VIC,7,0.5,1.5,1,1.7,TP3,0,150,3384585.03,11.8,38948.98,2510.21,1319,True,True
vcal_e8_to05_tc15_s1_slm15_TP2_ad1_mh150,VIC,8,0.5,1.5,1,1.5,TP2,1,150,3083989.45,11.74,38929.95,2716.88,1319,True,True
vcal_e8_to05_tc05_s1_slm15_TP2_ad0_mh90,VIC,8,0.5,0.5,1,1.5,TP2,0,90,3219816.4,11.45,38877.36,2869.89,1319,True,True
vcal_e7_to05_tc05_s1_slm17_TP3_ad2_mh90,VIC,7,0.5,0.5,1,1.7,TP3,2,90,3488123.34,11.53,38805.37,2483.48,1319,True,True
vcal_e7_to05_tc05_s1_slm17_TP3_ad1_mh90,VIC,7,0.5,0.5,1,1.7,TP3,1,90,3493406.43,11.52,38755.69,2464.82,1319,True,True
vcal_e8_to05_tc15_s1_slm17_TP2_ad0_mh90,VIC,8,0.5,1.5,1,1.7,TP2,0,90,1913043.38,11.58,38737.18,2740.69,1319,True,True
vcal_e7_to05_tc15_s1_slm17_TP3_ad2_mh150,VIC,7,0.5,1.5,1,1.7,TP3,2,150,3320970.05,11.76,38736.12,2482.35,1319,True,True
vcal_e7_to05_tc05_s1_slm17_TP2_ad2_mh240,VIC,7,0.5,0.5,1,1.7,TP2,2,240,3200636.85,11.68,38731.02,2576.92,1319,True,True
vcal_e7_to05_tc05_s1_slm17_TP2_ad0_mh240,VIC,7,0.5,0.5,1,1.7,TP2,0,240,3207285.69,11.68,38708.5,2679.37,1319,True,True
vcal_e8_to05_tc05_s1_slm15_TP2_ad2_mh90,VIC,8,0.5,0.5,1,1.5,TP2,2,90,3121482.96,11.44,38667.95,2787.67,1319,True,True
vcal_e8_to05_tc05_s1_slm15_TP2_ad1_mh90,VIC,8,0.5,0.5,1,1.5,TP2,1,90,3130788.36,11.48,38585.81,2767.78,1319,True,True
vcal_e7_to05_tc15_s1_slm17_TP3_ad1_mh150,VIC,7,0.5,1.5,1,1.7,TP3,1,150,3288052.22,11.79,38563.88,2461.66,1319,True,True
vcal_e7_to05_tc05_s1_slm17_TP2_ad0_mh300,VIC,7,0.5,0.5,1,1.7,TP2,0,300,3081454.76,11.7,38505.05,2698.53,1319,True,True
vcal_e8_to05_tc15_s1_slm17_TP2_ad2_mh90,VIC,8,0.5,1.5,1,1.7,TP2,2,90,1859569.87,11.58,38464.51,2666.47,1319,True,True
vcal_e7_to05_tc05_s1_slm17_TP2_ad2_mh300,VIC,7,0.5,0.5,1,1.7,TP2,2,300,3057666.14,11.7,38439.21,2596.08,1319,True,True
vcal_e8_to05_tc15_s1_slm17_TP2_ad1_mh90,VIC,8,0.5,1.5,1,1.7,TP2,1,90,1870706.12,11.55,38382.63,2646.58,1319,True,True
vcal_e7_to05_tc05_s1_slm17_TP2_ad1_mh240,VIC,7,0.5,0.5,1,1.7,TP2,1,240,3124912.36,11.7,38376.96,2562.78,1319,True,True
vcal_e8_to05_tc05_s1_slm15_TP3_ad0_mh60,VIC,8,0.5,0.5,1,1.5,TP3,0,60,2944001.98,11.26,38232.98,2383.79,1319,True,True
vcal_e7_to05_tc05_s1_slm17_TP2_ad1_mh300,VIC,7,0.5,0.5,1,1.7,TP2,1,300,2994798.87,11.69,38137.48,2581.94,1319,True,True
vcal_e8_to05_tc05_s1_slm15_TP3_ad2_mh60,VIC,8,0.5,0.5,1,1.5,TP3,2,60,2840428.38,11.28,38109.96,2248.32,1319,True,True
vcal_e7_to05_tc15_s1_slm15_TP3_ad0_mh240,VIC,7,0.5,1.5,1,1.5,TP3,0,240,5300251.65,11.64,38059.14,2585.63,1319,True,True
vcal_e7_to05_tc15_s1_slm15_TP3_ad0_mh300,VIC,7,0.5,1.5,1,1.5,TP3,0,300,5137350.08,11.66,37955.32,2587.23,1319,True,True
vcal_e7_to05_tc15_s1_slm15_TP3_ad2_mh240,VIC,7,0.5,1.5,1,1.5,TP3,2,240,5126647.67,11.66,37930.28,2478.5,1319,True,True
vcal_e8_to05_tc05_s1_slm15_TP3_ad1_mh60,VIC,8,0.5,0.5,1,1.5,TP3,1,60,2856208.77,11.28,37929.56,2252.2,1319,True,True
vcal_e7_to05_tc15_s1_slm15_TP3_ad1_mh240,VIC,7,0.5,1.5,1,1.5,TP3,1,240,5132547.93,11.66,37784.34,2464.36,1319,True,True
vcal_e7_to05_tc05_s1_slm17_TP2_ad2_mh150,VIC,7,0.5,0.5,1,1.7,TP2,2,150,2916527.64,11.66,37776.0,2539.9,1319,True,True
vcal_e7_to05_tc05_s1_slm17_TP2_ad0_mh150,VIC,7,0.5,0.5,1,1.7,TP2,0,150,2927920.09,11.69,37769.79,2567.76,1319,True,True
vcal_e7_to05_tc15_s1_slm15_TP3_ad2_mh300,VIC,7,0.5,1.5,1,1.5,TP3,2,300,4892128.81,11.63,37673.59,2480.1,1319,True,True
vcal_e7_to05_tc15_s1_slm15_TP3_ad1_mh300,VIC,7,0.5,1.5,1,1.5,TP3,1,300,4958673.68,11.65,37598.01,2465.96,1319,True,True
vcal_e8_to05_tc15_s1_slm17_TP3_ad0_mh60,VIC,8,0.5,1.5,1,1.7,TP3,0,60,1670768.81,11.38,37593.18,2262.37,1319,True,True
vcal_e7_to05_tc05_s1_slm15_TP3_ad0_mh90,VIC,7,0.5,0.5,1,1.5,TP3,0,90,5341663.97,11.44,37547.62,2533.98,1319,True,True
vcal_e8_to05_tc15_s1_slm17_TP3_ad2_mh60,VIC,8,0.5,1.5,1,1.7,TP3,2,60,1610646.59,11.41,37500.17,2134.9,1319,True,True
vcal_e7_to05_tc05_s1_slm17_TP2_ad1_mh150,VIC,7,0.5,0.5,1,1.7,TP2,1,150,2864097.4,11.67,37490.86,2519.21,1319,True,True
vcal_e8_to05_tc15_s1_slm17_TP3_ad1_mh60,VIC,8,0.5,1.5,1,1.7,TP3,1,60,1613923.54,11.38,37261.1,2138.78,1319,True,True
vcal_e7_to05_tc05_s1_slm15_TP3_ad2_mh90,VIC,7,0.5,0.5,1,1.5,TP3,2,90,5104895.95,11.43,37235.93,2463.39,1319,True,True
vcal_e7_to05_tc05_s1_slm15_TP3_ad1_mh90,VIC,7,0.5,0.5,1,1.5,TP3,1,90,5178313.03,11.44,37196.0,2444.73,1319,True,True
vcal_e8_to05_tc15_s1_slm15_TP2_ad0_mh90,VIC,8,0.5,1.5,1,1.5,TP2,0,90,2662972.94,11.54,37186.67,2711.89,1319,True,True
vcal_e7_to05_tc15_s1_slm15_TP3_ad0_mh150,VIC,7,0.5,1.5,1,1.5,TP3,0,150,4842713.49,11.62,37149.16,2480.53,1319,True,True
vcal_e7_to05_tc15_s1_slm15_TP3_ad2_mh150,VIC,7,0.5,1.5,1,1.5,TP3,2,150,4640264.08,11.63,36951.66,2451.77,1319,True,True
vcal_e8_to05_tc15_s1_slm15_TP2_ad2_mh90,VIC,8,0.5,1.5,1,1.5,TP2,2,90,2577031.49,11.52,36943.95,2637.67,1319,True,True
vcal_e8_to05_tc15_s1_slm15_TP2_ad1_mh90,VIC,8,0.5,1.5,1,1.5,TP2,1,90,2604692.48,11.53,36891.28,2617.78,1319,True,True
vcal_e7_to05_tc15_s1_slm17_TP3_ad0_mh90,VIC,7,0.5,1.5,1,1.7,TP3,0,90,2807392.55,11.57,36812.71,2388.37,1319,True,True
vcal_e7_to05_tc15_s1_slm17_TP2_ad0_mh240,VIC,7,0.5,1.5,1,1.7,TP2,0,240,2586866.58,11.76,36801.2,2522.37,1319,True,True
vcal_e7_to05_tc05_s1_slm15_TP2_ad0_mh240,VIC,7,0.5,0.5,1,1.5,TP2,0,240,4473313.19,11.54,36796.46,2638.87,1319,True,True
vcal_e7_to05_tc15_s1_slm17_TP2_ad2_mh240,VIC,7,0.5,1.5,1,1.7,TP2,2,240,2615952.91,11.71,36795.41,2419.92,1319,True,True
vcal_e7_to05_tc15_s1_slm15_TP3_ad1_mh150,VIC,7,0.5,1.5,1,1.5,TP3,1,150,4654821.26,11.64,36793.05,2434.56,1319,True,True
vcal_e7_to05_tc05_s1_slm15_TP2_ad2_mh240,VIC,7,0.5,0.5,1,1.5,TP2,2,240,4397889.28,11.52,36757.87,2536.42,1319,True,True
vcal_e7_to05_tc05_s1_slm15_TP2_ad0_mh300,VIC,7,0.5,0.5,1,1.5,TP2,0,300,4290551.95,11.52,36604.65,2640.47,1319,True,True
vcal_e7_to05_tc15_s1_slm17_TP2_ad0_mh300,VIC,7,0.5,1.5,1,1.7,TP2,0,300,2481377.6,11.72,36549.75,2541.53,1319,True,True
vcal_e7_to05_tc15_s1_slm17_TP3_ad2_mh90,VIC,7,0.5,1.5,1,1.7,TP3,2,90,2686564.89,11.57,36475.7,2324.78,1319,True,True
vcal_e7_to05_tc05_s1_slm15_TP2_ad2_mh300,VIC,7,0.5,0.5,1,1.5,TP2,2,300,4180449.3,11.53,36470.6,2538.02,1319,True,True
vcal_e7_to05_tc05_s1_slm15_TP2_ad1_mh240,VIC,7,0.5,0.5,1,1.5,TP2,1,240,4325173.0,11.53,36470.0,2522.28,1319,True,True
vcal_e7_to05_tc15_s1_slm17_TP2_ad1_mh240,VIC,7,0.5,1.5,1,1.7,TP2,1,240,2512640.66,11.75,36465.82,2405.78,1319,True,True
vcal_e7_to05_tc15_s1_slm17_TP2_ad2_mh300,VIC,7,0.5,1.5,1,1.7,TP2,2,300,2468030.66,11.72,36455.6,2439.08,1319,True,True
vcal_e7_to05_tc15_s1_slm17_TP3_ad1_mh90,VIC,7,0.5,1.5,1,1.7,TP3,1,90,2699104.69,11.59,36446.49,2306.12,1319,True,True
vcal_e8_to05_tc05_s1_slm17_TP2_ad2_mh60,VIC,8,0.5,0.5,1,1.7,TP2,2,60,1428481.94,11.26,36324.36,2229.57,1319,True,True
vcal_e7_to05_tc05_s1_slm15_TP2_ad1_mh300,VIC,7,0.5,0.5,1,1.5,TP2,1,300,4142229.41,11.55,36249.3,2523.88,1319,True,True
vcal_e8_to05_tc05_s1_slm17_TP2_ad0_mh60,VIC,8,0.5,0.5,1,1.7,TP2,0,60,1437765.31,11.3,36242.88,2365.04,1319,True,True
vcal_e7_to05_tc15_s1_slm17_TP2_ad1_mh300,VIC,7,0.5,1.5,1,1.7,TP2,1,300,2388025.58,11.76,36178.34,2424.94,1319,True,True
vcal_e8_to05_tc15_s1_slm15_TP3_ad0_mh60,VIC,8,0.5,1.5,1,1.5,TP3,0,60,2307257.82,11.35,36100.04,2235.09,1319,True,True
vcal_e8_to05_tc05_s1_slm17_TP2_ad1_mh60,VIC,8,0.5,0.5,1,1.7,TP2,1,60,1409440.47,11.31,36072.23,2233.45,1319,True,True
vcal_e7_to05_tc15_s1_slm17_TP2_ad0_mh150,VIC,7,0.5,1.5,1,1.7,TP2,0,150,2392529.71,11.76,35992.57,2415.76,1319,True,True
vcal_e8_to05_tc15_s1_slm15_TP3_ad2_mh60,VIC,8,0.5,1.5,1,1.5,TP3,2,60,2224760.85,11.35,35983.71,2107.62,1319,True,True
vcal_e7_to05_tc15_s1_slm17_TP2_ad2_mh150,VIC,7,0.5,1.5,1,1.7,TP2,2,150,2388858.07,11.74,35965.47,2387.9,1319,True,True
vcal_e7_to05_tc05_s1_slm15_TP2_ad2_mh150,VIC,7,0.5,0.5,1,1.5,TP2,2,150,4030349.8,11.52,35954.29,2519.74,1319,True,True
vcal_e7_to05_tc05_s1_slm15_TP2_ad0_mh150,VIC,7,0.5,0.5,1,1.5,TP2,0,150,4066228.41,11.52,35926.3,2548.5,1319,True,True
vcal_e8_to05_tc15_s1_slm15_TP3_ad1_mh60,VIC,8,0.5,1.5,1,1.5,TP3,1,60,2236007.37,11.35,35798.78,2111.5,1319,True,True
vcal_e7_to05_tc15_s1_slm17_TP2_ad1_mh150,VIC,7,0.5,1.5,1,1.7,TP2,1,150,2357311.01,11.74,35704.8,2367.21,1319,True,True
vcal_e7_to05_tc05_s1_slm15_TP2_ad1_mh150,VIC,7,0.5,0.5,1,1.5,TP2,1,150,3983918.81,11.53,35682.78,2502.53,1319,True,True
vcal_e8_to05_tc05_s2_slm17_TP3_ad0_mh240,VIC,8,0.5,0.5,2,1.7,TP3,0,240,1490382.48,12.27,35605.49,1904.1,1319,True,True
vcal_e7_to05_tc05_s1_slm17_TP2_ad0_mh90,VIC,7,0.5,0.5,1,1.7,TP2,0,90,2350741.94,11.52,35413.25,2508.06,1319,True,True
vcal_e7_to05_tc15_s1_slm15_TP3_ad0_mh90,VIC,7,0.5,1.5,1,1.5,TP3,0,90,4020442.54,11.52,35306.1,2368.28,1319,True,True
vcal_e7_to05_tc05_s1_slm17_TP2_ad2_mh90,VIC,7,0.5,0.5,1,1.7,TP2,2,90,2326046.46,11.5,35283.21,2437.47,1319,True,True
vcal_e8_to05_tc05_s2_slm17_TP3_ad1_mh240,VIC,8,0.5,0.5,2,1.7,TP3,1,240,1416561.08,12.33,35160.94,1718.14,1319,True,True
vcal_e7_to05_tc05_s1_slm17_TP2_ad1_mh90,VIC,7,0.5,0.5,1,1.7,TP2,1,90,2287227.04,11.48,35144.7,2418.81,1319,True,True
vcal_e8_to05_tc05_s2_slm17_TP3_ad0_mh300,VIC,8,0.5,0.5,2,1.7,TP3,0,300,1371218.74,12.27,34982.04,1749.23,1319,True,True
vcal_e7_to05_tc15_s1_slm15_TP3_ad2_mh90,VIC,7,0.5,1.5,1,1.5,TP3,2,90,3802124.03,11.51,34981.1,2304.69,1319,True,True
vcal_e7_to05_tc15_s1_slm15_TP2_ad0_mh240,VIC,7,0.5,1.5,1,1.5,TP2,0,240,3551828.23,11.61,34966.24,2481.87,1319,True,True
vcal_e7_to05_tc15_s1_slm15_TP3_ad1_mh90,VIC,7,0.5,1.5,1,1.5,TP3,1,90,3852733.49,11.5,34959.64,2286.03,1319,True,True
vcal_e7_to05_tc15_s1_slm15_TP2_ad2_mh240,VIC,7,0.5,1.5,1,1.5,TP2,2,240,3510471.93,11.62,34896.34,2379.42,1319,True,True
vcal_e7_to05_tc05_s1_slm17_TP3_ad0_mh60,VIC,7,0.5,0.5,1,1.7,TP3,0,60,2139727.29,11.28,34864.54,2095.74,1319,True,True
vcal_e8_to05_tc15_s1_slm17_TP2_ad2_mh60,VIC,8,0.5,1.5,1,1.7,TP2,2,60,1229511.31,11.38,34853.45,2112.57,1319,True,True
vcal_e7_to05_tc05_s1_slm17_TP3_ad2_mh60,VIC,7,0.5,0.5,1,1.7,TP3,2,60,2106584.87,11.3,34842.08,1978.38,1319,True,True
vcal_e8_to05_tc05_s2_slm17_TP3_ad2_mh240,VIC,8,0.5,0.5,2,1.7,TP3,2,240,1342269.71,12.28,34799.96,1723.0,1319,True,True
vcal_e8_to05_tc15_s1_slm17_TP2_ad0_mh60,VIC,8,0.5,1.5,1,1.7,TP2,0,60,1236384.26,11.36,34789.28,2240.04,1319,True,True
vcal_e8_to05_tc05_s1_slm15_TP2_ad2_mh60,VIC,8,0.5,0.5,1,1.5,TP2,2,60,1936077.13,11.23,34759.44,2202.29,1319,True,True
vcal_e7_to05_tc15_s1_slm15_TP2_ad0_mh300,VIC,7,0.5,1.5,1,1.5,TP2,0,300,3382508.83,11.59,34733.43,2483.47,1319,True,True
vcal_e8_to05_tc05_s1_slm15_TP2_ad0_mh60,VIC,8,0.5,0.5,1,1.5,TP2,0,60,1940441.12,11.25,34731.72,2337.76,1319,True,True
vcal_e8_to05_tc05_s2_slm17_TP3_ad1_mh300,VIC,8,0.5,0.5,2,1.7,TP3,1,300,1329097.34,12.27,34633.91,1563.27,1319,True,True
vcal_e7_to05_tc15_s1_slm15_TP2_ad1_mh240,VIC,7,0.5,1.5,1,1.5,TP2,1,240,3409429.6,11.59,34632.94,2365.28,1319,True,True
vcal_e7_to05_tc05_s1_slm17_TP3_ad1_mh60,VIC,7,0.5,0.5,1,1.7,TP3,1,60,2087286.27,11.29,34618.04,1980.68,1319,True,True
vcal_e8_to05_tc15_s1_slm17_TP2_ad1_mh60,VIC,8,0.5,1.5,1,1.7,TP2,1,60,1215359.15,11.38,34610.79,2116.45,1319,True,True
vcal_e7_to05_tc15_s1_slm15_TP2_ad2_mh300,VIC,7,0.5,1.5,1,1.5,TP2,2,300,3322788.43,11.6,34568.07,2381.02,1319,True,True
vcal_e8_to05_tc05_s1_slm15_TP2_ad1_mh60,VIC,8,0.5,0.5,1,1.5,TP2,1,60,1925313.4,11.27,34563.17,2206.17,1319,True,True
vcal_e7_to05_tc15_s1_slm15_TP2_ad1_mh300,VIC,7,0.5,1.5,1,1.5,TP2,1,300,3261833.31,11.59,34371.24,2366.88,1319,True,True
vcal_e7_to05_tc15_s1_slm15_TP2_ad0_mh150,VIC,7,0.5,1.5,1,1.5,TP2,0,150,3269116.35,11.63,34215.08,2396.5,1319,True,True
vcal_e7_to05_tc15_s1_slm15_TP2_ad2_mh150,VIC,7,0.5,1.5,1,1.5,TP2,2,150,3258943.75,11.59,34206.76,2367.74,1319,True,True
vcal_e8_to05_tc05_s2_slm17_TP3_ad2_mh300,VIC,8,0.5,0.5,2,1.7,TP3,2,300,1241381.05,12.29,34112.85,1562.77,1319,True,True
vcal_e7_to05_tc15_s1_slm15_TP2_ad1_mh150,VIC,7,0.5,1.5,1,1.5,TP2,1,150,3175126.24,11.63,33959.72,2350.53,1319,True,True
vcal_e7_to05_tc05_s1_slm15_TP2_ad0_mh90,VIC,7,0.5,0.5,1,1.5,TP2,0,90,3285183.33,11.45,33921.89,2487.97,1319,True,True
vcal_e8_to05_tc05_s2_slm17_TP3_ad0_mh150,VIC,8,0.5,0.5,2,1.7,TP3,0,150,1297765.82,12.28,33914.09,1699.65,1319,True,True
vcal_e7_to05_tc15_s1_slm17_TP2_ad0_mh90,VIC,7,0.5,1.5,1,1.7,TP2,0,90,1974234.92,11.57,33866.03,2371.06,1319,True,True
vcal_e8_to05_tc05_s2_slm15_TP3_ad0_mh240,VIC,8,0.5,0.5,2,1.5,TP3,0,240,1915309.07,12.16,33847.13,1819.41,1319,True,True
vcal_e7_to05_tc05_s1_slm15_TP2_ad2_mh90,VIC,7,0.5,0.5,1,1.5,TP2,2,90,3252470.15,11.43,33808.28,2417.38,1319,True,True
vcal_e7_to05_tc15_s1_slm17_TP2_ad2_mh90,VIC,7,0.5,1.5,1,1.7,TP2,2,90,1930675.87,11.56,33705.68,2307.47,1319,True,True
vcal_e7_to05_tc05_s1_slm15_TP2_ad1_mh90,VIC,7,0.5,0.5,1,1.5,TP2,1,90,3226942.45,11.4,33679.52,2398.72,1319,True,True
vcal_e7_to05_tc15_s1_slm17_TP2_ad1_mh90,VIC,7,0.5,1.5,1,1.7,TP2,1,90,1927913.21,11.55,33596.64,2288.81,1319,True,True
vcal_e8_to05_tc15_s2_slm17_TP3_ad0_mh240,VIC,8,0.5,1.5,2,1.7,TP3,0,240,1197800.57,12.35,33426.13,1788.89,1319,True,True
vcal_e7_to05_tc05_s1_slm15_TP3_ad0_mh60,VIC,7,0.5,0.5,1,1.5,TP3,0,60,3022364.07,11.21,33407.15,2080.06,1319,True,True
vcal_e7_to05_tc05_s1_slm15_TP3_ad2_mh60,VIC,7,0.5,0.5,1,1.5,TP3,2,60,2933292.45,11.21,33354.94,1962.7,1319,True,True
vcal_e8_to05_tc15_s1_slm15_TP2_ad2_mh60,VIC,8,0.5,1.5,1,1.5,TP2,2,60,1644060.55,11.37,33345.53,2085.29,1319,True,True
vcal_e8_to05_tc15_s1_slm15_TP2_ad0_mh60,VIC,8,0.5,1.5,1,1.5,TP2,0,60,1663984.69,11.32,33332.12,2212.76,1319,True,True
vcal_e8_to05_tc05_s2_slm15_TP3_ad1_mh240,VIC,8,0.5,0.5,2,1.5,TP3,1,240,1805427.04,12.2,33213.45,1661.56,1319,True,True
vcal_e7_to05_tc05_s1_slm15_TP3_ad1_mh60,VIC,7,0.5,0.5,1,1.5,TP3,1,60,2938380.66,11.2,33162.09,1965.0,1319,True,True
vcal_e8_to05_tc15_s1_slm15_TP2_ad1_mh60,VIC,8,0.5,1.5,1,1.5,TP2,1,60,1631858.26,11.3,33155.73,2089.17,1319,True,True
vcal_e8_to05_tc05_s2_slm17_TP3_ad0_mh90,VIC,8,0.5,0.5,2,1.7,TP3,0,90,1202878.95,12.07,33143.46,1847.66,1319,True,True
vcal_e8_to05_tc05_s2_slm17_TP3_ad1_mh150,VIC,8,0.5,0.5,2,1.7,TP3,1,150,1210390.66,12.31,33133.25,1579.84,1319,True,True
vcal_e8_to05_tc05_s2_slm15_TP3_ad0_mh300,VIC,8,0.5,0.5,2,1.5,TP3,0,300,1764810.48,12.18,33071.44,1656.09,1319,True,True
vcal_e8_to05_tc15_s2_slm17_TP3_ad1_mh240,VIC,8,0.5,1.5,2,1.7,TP3,1,240,1147705.1,12.36,32993.58,1609.93,1319,True,True
vcal_e7_to05_tc15_s1_slm17_TP3_ad0_mh60,VIC,7,0.5,1.5,1,1.7,TP3,0,60,1708743.31,11.36,32922.4,1967.04,1319,True,True
vcal_e7_to05_tc15_s1_slm17_TP3_ad2_mh60,VIC,7,0.5,1.5,1,1.7,TP3,2,60,1668013.87,11.37,32901.63,1856.68,1319,True,True
vcal_e8_to05_tc05_s2_slm17_TP3_ad2_mh150,VIC,8,0.5,0.5,2,1.7,TP3,2,150,1130458.64,12.23,32870.71,1595.21,1319,True,True
vcal_e8_to05_tc05_s2_slm15_TP3_ad2_mh240,VIC,8,0.5,0.5,2,1.5,TP3,2,240,1664821.34,12.17,32807.15,1666.42,1319,True,True
vcal_e8_to05_tc15_s2_slm17_TP3_ad0_mh300,VIC,8,0.5,1.5,2,1.7,TP3,0,300,1092252.85,12.3,32730.44,1626.02,1319,True,True
vcal_e7_to05_tc15_s1_slm17_TP3_ad1_mh60,VIC,7,0.5,1.5,1,1.7,TP3,1,60,1669262.7,11.36,32677.06,1858.98,1319,True,True
vcal_e8_to05_tc15_s2_slm17_TP3_ad2_mh240,VIC,8,0.5,1.5,2,1.7,TP3,2,240,1078016.56,12.3,32638.6,1614.79,1319,True,True
vcal_e8_to05_tc05_s2_slm17_TP3_ad1_mh90,VIC,8,0.5,0.5,2,1.7,TP3,1,90,1128066.67,12.03,32600.53,1677.54,1319,True,True
vcal_e7_to05_tc15_s1_slm15_TP2_ad0_mh90,VIC,7,0.5,1.5,1,1.5,TP2,0,90,2707107.71,11.46,32430.67,2350.97,1319,True,True
vcal_e8_to05_tc05_s2_slm15_TP3_ad1_mh300,VIC,8,0.5,0.5,2,1.5,TP3,1,300,1640532.78,12.16,32409.24,1498.24,1319,True,True
vcal_e8_to05_tc05_s2_slm15_TP3_ad0_mh150,VIC,8,0.5,0.5,2,1.5,TP3,0,150,1680526.55,12.18,32403.69,1673.65,1319,True,True
vcal_e8_to05_tc15_s2_slm17_TP3_ad1_mh300,VIC,8,0.5,1.5,2,1.7,TP3,1,300,1059257.39,12.28,32389.31,1447.06,1319,True,True
vcal_e7_to05_tc15_s1_slm15_TP2_ad2_mh90,VIC,7,0.5,1.5,1,1.5,TP2,2,90,2659560.22,11.51,32285.75,2287.38,1319,True,True
vcal_e7_to05_tc15_s1_slm15_TP2_ad1_mh90,VIC,7,0.5,1.5,1,1.5,TP2,1,90,2633233.01,11.47,32184.46,2268.72,1319,True,True
vcal_e8_to05_tc15_s2_slm17_TP3_ad0_mh150,VIC,8,0.5,1.5,2,1.7,TP3,0,150,1062127.49,12.34,32056.82,1597.79,1319,True,True
vcal_e8_to05_tc05_s2_slm17_TP3_ad2_mh90,VIC,8,0.5,0.5,2,1.7,TP3,2,90,1062992.99,12.0,31961.65,1680.57,1319,True,True
vcal_e8_to05_tc05_s2_slm15_TP3_ad0_mh90,VIC,8,0.5,0.5,2,1.5,TP3,0,90,1647192.2,12.0,31957.72,1855.95,1319,True,True
vcal_e7_to05_tc05_s1_slm17_TP2_ad2_mh60,VIC,7,0.5,0.5,1,1.7,TP2,2,60,1471076.97,11.24,31898.58,1937.83,1319,True,True
vcal_e8_to05_tc15_s2_slm17_TP3_ad2_mh300,VIC,8,0.5,1.5,2,1.7,TP3,2,300,981348.31,12.31,31874.25,1446.56,1319,True,True
vcal_e8_to05_tc05_s2_slm15_TP3_ad2_mh300,VIC,8,0.5,0.5,2,1.5,TP3,2,300,1491718.55,12.15,31819.12,1497.74,1319,True,True
vcal_e7_to05_tc05_s1_slm17_TP2_ad0_mh60,VIC,7,0.5,0.5,1,1.7,TP2,0,60,1475870.97,11.24,31767.66,2055.19,1319,True,True
vcal_e8_to05_tc15_s2_slm15_TP3_ad0_mh240,VIC,8,0.5,1.5,2,1.5,TP3,0,240,1499803.6,12.23,31759.38,1711.2,1319,True,True
vcal_e7_to05_tc05_s1_slm17_TP2_ad1_mh60,VIC,7,0.5,0.5,1,1.7,TP2,1,60,1463077.59,11.28,31655.54,1940.13,1319,True,True
vcal_e8_to05_tc15_s2_slm17_TP3_ad0_mh90,VIC,8,0.5,1.5,2,1.7,TP3,0,90,1033492.76,12.09,31628.49,1764.96,1319,True,True
vcal_e7_to05_tc15_s1_slm15_TP3_ad0_mh60,VIC,7,0.5,1.5,1,1.5,TP3,0,60,2363828.52,11.27,31526.85,1951.36,1319,True,True
vcal_e7_to05_tc15_s1_slm15_TP3_ad2_mh60,VIC,7,0.5,1.5,1,1.5,TP3,2,60,2291019.11,11.29,31478.33,1841.0,1319,True,True
vcal_e8_to05_tc05_s2_slm15_TP3_ad1_mh150,VIC,8,0.5,0.5,2,1.5,TP3,1,150,1528183.05,12.19,31468.54,1570.98,1319,True,True
vcal_e7_to05_tc05_s2_slm17_TP3_ad0_mh240,VIC,7,0.5,0.5,2,1.7,TP3,0,240,1559852.62,12.35,31339.65,1659.04,1319,True,True
vcal_e8_to05_tc05_s2_slm15_TP3_ad1_mh90,VIC,8,0.5,0.5,2,1.5,TP3,1,90,1524007.91,12.0,31296.79,1695.17,1319,True,True
vcal_e8_to05_tc15_s2_slm17_TP3_ad1_mh150,VIC,8,0.5,1.5,2,1.7,TP3,1,150,1003663.59,12.31,31293.98,1484.98,1319,True,True
vcal_e7_to05_tc15_s1_slm15_TP3_ad1_mh60,VIC,7,0.5,1.5,1,1.5,TP3,1,60,2302503.16,11.32,31282.95,1843.3,1319,True,True
vcal_e8_to05_tc05_s2_slm15_TP3_ad2_mh150,VIC,8,0.5,0.5,2,1.5,TP3,2,150,1478614.6,12.14,31253.07,1582.87,1319,True,True
vcal_e8_to05_tc15_s2_slm15_TP3_ad1_mh240,VIC,8,0.5,1.5,2,1.5,TP3,1,240,1408569.41,12.31,31141.7,1559.35,1319,True,True
vcal_e8_to05_tc15_s2_slm17_TP3_ad1_mh90,VIC,8,0.5,1.5,2,1.7,TP3,1,90,981186.52,12.03,31103.56,1601.84,1319,True,True
vcal_e8_to05_tc15_s2_slm17_TP3_ad2_mh150,VIC,8,0.5,1.5,2,1.7,TP3,2,150,961536.97,12.31,31045.44,1500.35,1319,True,True
vcal_e7_to05_tc05_s2_slm17_TP3_ad1_mh240,VIC,7,0.5,0.5,2,1.7,TP3,1,240,1506986.18,12.36,30982.23,1499.16,1319,True,True
vcal_e8_to05_tc15_s2_slm15_TP3_ad0_mh300,VIC,8,0.5,1.5,2,1.5,TP3,0,300,1351632.82,12.21,30932.45,1539.88,1319,True,True
vcal_e7_to05_tc05_s2_slm17_TP3_ad0_mh300,VIC,7,0.5,0.5,2,1.7,TP3,0,300,1457334.74,12.35,30890.34,1540.49,1319,True,True
vcal_e8_to05_tc15_s2_slm15_TP3_ad2_mh240,VIC,8,0.5,1.5,2,1.5,TP3,2,240,1328629.4,12.24,30741.4,1564.21,1319,True,True
vcal_e8_to05_tc05_s2_slm15_TP3_ad2_mh90,VIC,8,0.5,0.5,2,1.5,TP3,2,90,1408864.15,11.99,30717.14,1698.2,1319,True,True
vcal_e7_to05_tc05_s2_slm17_TP3_ad2_mh240,VIC,7,0.5,0.5,2,1.7,TP3,2,240,1406919.23,12.31,30683.66,1504.02,1319,True,True
vcal_e8_to05_tc15_s2_slm15_TP3_ad0_mh150,VIC,8,0.5,1.5,2,1.5,TP3,0,150,1382907.19,12.26,30608.03,1572.79,1319,True,True
vcal_e7_to05_tc15_s1_slm17_TP2_ad2_mh60,VIC,7,0.5,1.5,1,1.7,TP2,2,60,1281819.02,11.28,30599.14,1836.83,1319,True,True
vcal_e7_to05_tc05_s2_slm17_TP3_ad1_mh300,VIC,7,0.5,0.5,2,1.7,TP3,1,300,1411632.64,12.34,30576.29,1380.61,1319,True,True
vcal_e8_to05_tc15_s2_slm15_TP3_ad0_mh90,VIC,8,0.5,1.5,2,1.5,TP3,0,90,1384366.63,12.06,30496.36,1773.25,1319,True,True
vcal_e7_to05_tc15_s1_slm17_TP2_ad0_mh60,VIC,7,0.5,1.5,1,1.7,TP2,0,60,1272416.73,11.3,30485.53,1947.19,1319,True,True
vcal_e8_to05_tc15_s2_slm17_TP3_ad2_mh90,VIC,8,0.5,1.5,2,1.7,TP3,2,90,919379.09,12.11,30480.68,1604.87,1319,True,True
vcal_e7_to05_tc05_s1_slm15_TP2_ad2_mh60,VIC,7,0.5,0.5,1,1.5,TP2,2,60,1971945.45,11.18,30422.11,1922.15,1319,True,True
vcal_e7_to05_tc15_s1_slm17_TP2_ad1_mh60,VIC,7,0.5,1.5,1,1.7,TP2,1,60,1261545.32,11.33,30365.57,1839.13,1319,True,True
vcal_e7_to05_tc05_s1_slm15_TP2_ad0_mh60,VIC,7,0.5,0.5,1,1.5,TP2,0,60,1996546.28,11.2,30344.95,2039.51,1319,True,True
vcal_e8_to05_tc15_s2_slm15_TP3_ad1_mh300,VIC,8,0.5,1.5,2,1.5,TP3,1,300,1274754.28,12.21,30281.25,1388.03,1319,True,True
vcal_e7_to05_tc05_s1_slm15_TP2_ad1_mh60,VIC,7,0.5,0.5,1,1.5,TP2,1,60,1979004.22,11.19,30209.14,1924.45,1319,True,True
vcal_e7_to05_tc05_s2_slm17_TP3_ad2_mh300,VIC,7,0.5,0.5,2,1.7,TP3,2,300,1293311.98,12.31,30124.71,1380.11,1319,True,True
vcal_e8_to05_tc15_s2_slm15_TP3_ad1_mh90,VIC,8,0.5,1.5,2,1.5,TP3,1,90,1298860.57,12.01,29858.43,1619.47,1319,True,True
vcal_e7_to05_tc05_s2_slm17_TP3_ad0_mh150,VIC,7,0.5,0.5,2,1.7,TP3,0,150,1343972.54,12.3,29772.89,1461.84,1319,True,True
vcal_e8_to05_tc15_s2_slm15_TP3_ad2_mh300,VIC,8,0.5,1.5,2,1.5,TP3,2,300,1170462.11,12.19,29697.13,1387.53,1319,True,True
vcal_e8_to05_tc15_s2_slm15_TP3_ad1_mh150,VIC,8,0.5,1.5,2,1.5,TP3,1,150,1237609.9,12.23,29695.88,1477.12,1319,True,True
vcal_e7_to05_tc05_s2_slm15_TP3_ad0_mh240,VIC,7,0.5,0.5,2,1.5,TP3,0,240,2000979.31,12.25,29683.36,1562.63,1319,True,True
vcal_e8_to05_tc05_s2_slm17_TP3_ad0_mh60,VIC,8,0.5,0.5,2,1.7,TP3,0,60,781487.47,11.83,29631.53,1806.44,1319,True,True
vcal_e8_to05_tc15_s2_slm15_TP3_ad2_mh150,VIC,8,0.5,1.5,2,1.5,TP3,2,150,1204373.21,12.22,29494.41,1489.01,1319,True,True
vcal_e7_to05_tc15_s2_slm17_TP3_ad0_mh240,VIC,7,0.5,1.5,2,1.7,TP3,0,240,1232746.24,12.4,29421.08,1557.5,1319,True,True
vcal_e8_to05_tc15_s2_slm15_TP3_ad2_mh90,VIC,8,0.5,1.5,2,1.5,TP3,2,90,1187798.57,12.01,29294.78,1622.5,1319,True,True
vcal_e7_to05_tc15_s1_slm15_TP2_ad2_mh60,VIC,7,0.5,1.5,1,1.5,TP2,2,60,1698757.49,11.29,29174.67,1821.15,1319,True,True
vcal_e8_to05_tc05_s2_slm17_TP3_ad1_mh60,VIC,8,0.5,0.5,2,1.7,TP3,1,60,743418.26,11.85,29119.24,1662.48,1319,True,True
vcal_e7_to05_tc15_s1_slm15_TP2_ad0_mh60,VIC,7,0.5,1.5,1,1.5,TP2,0,60,1698914.92,11.27,29112.82,1931.51,1319,True,True
vcal_e7_to05_tc05_s2_slm15_TP3_ad1_mh240,VIC,7,0.5,0.5,2,1.5,TP3,1,240,1868310.7,12.24,29098.36,1430.86,1319,True,True
vcal_e7_to05_tc05_s2_slm15_TP3_ad0_mh300,VIC,7,0.5,0.5,2,1.5,TP3,0,300,1831863.34,12.23,29086.64,1437.02,1319,True,True
vcal_e7_to05_tc15_s2_slm17_TP3_ad1_mh240,VIC,7,0.5,1.5,2,1.7,TP3,1,240,1184802.07,12.39,29075.66,1403.62,1319,True,True
vcal_e7_to05_tc05_s2_slm17_TP3_ad1_mh150,VIC,7,0.5,0.5,2,1.7,TP3,1,150,1235394.78,12.39,29073.45,1359.77,1319,True,True
vcal_e7_to05_tc15_s1_slm15_TP2_ad1_mh60,VIC,7,0.5,1.5,1,1.5,TP2,1,60,1668566.54,11.25,28969.17,1823.45,1319,True,True
vcal_e7_to05_tc05_s2_slm17_TP3_ad0_mh90,VIC,7,0.5,0.5,2,1.7,TP3,0,90,1220288.59,12.17,28951.55,1600.57,1319,True,True
vcal_e7_to05_tc15_s2_slm17_TP3_ad0_mh300,VIC,7,0.5,1.5,2,1.7,TP3,0,300,1144530.52,12.39,28908.56,1431.95,1319,True,True
vcal_e7_to05_tc05_s2_slm17_TP3_ad2_mh150,VIC,7,0.5,0.5,2,1.7,TP3,2,150,1191479.22,12.31,28877.52,1372.3,1319,True,True
vcal_e8_to05_tc05_s2_slm17_TP3_ad2_mh60,VIC,8,0.5,0.5,2,1.7,TP3,2,60,699726.52,11.81,28829.01,1644.41,1319,True,True
vcal_e7_to05_tc05_s2_slm15_TP3_ad2_mh240,VIC,7,0.5,0.5,2,1.5,TP3,2,240,1750422.5,12.23,28800.7,1435.72,1319,True,True
vcal_e7_to05_tc15_s2_slm17_TP3_ad2_mh240,VIC,7,0.5,1.5,2,1.7,TP3,2,240,1126336.71,12.38,28782.09,1408.48,1319,True,True
vcal_e8_to05_tc05_s2_slm15_TP3_ad0_mh60,VIC,8,0.5,0.5,2,1.5,TP3,0,60,1045754.82,11.81,28714.34,1785.44,1319,True,True
vcal_e7_to05_tc15_s2_slm17_TP3_ad1_mh300,VIC,7,0.5,1.5,2,1.7,TP3,1,300,1120979.51,12.4,28602.51,1278.07,1319,True,True
vcal_e7_to05_tc05_s2_slm17_TP3_ad1_mh90,VIC,7,0.5,0.5,2,1.7,TP3,1,90,1155752.81,12.24,28487.22,1454.45,1319,True,True
vcal_e8_to05_tc15_s2_slm17_TP3_ad0_mh60,VIC,8,0.5,1.5,2,1.7,TP3,0,60,677622.64,11.86,28473.26,1758.74,1319,True,True
vcal_e7_to05_tc05_s2_slm15_TP3_ad1_mh300,VIC,7,0.5,0.5,2,1.5,TP3,1,300,1698251.32,12.3,28451.31,1305.25,1319,True,True
vcal_e7_to05_tc05_s2_slm15_TP3_ad0_mh150,VIC,7,0.5,0.5,2,1.5,TP3,0,150,1751183.89,12.23,28396.18,1442.38,1319,True,True
vcal_e7_to05_tc15_s2_slm17_TP3_ad2_mh300,VIC,7,0.5,1.5,2,1.7,TP3,2,300,1045555.73,12.37,28155.93,1277.57,1319,True,True
vcal_e7_to05_tc15_s2_slm17_TP3_ad0_mh150,VIC,7,0.5,1.5,2,1.7,TP3,0,150,1091935.03,12.39,28138.74,1372.98,1319,True,True
vcal_e8_to05_tc05_s2_slm15_TP3_ad1_mh60,VIC,8,0.5,0.5,2,1.5,TP3,1,60,985129.74,11.8,28064.09,1647.1,1319,True,True
vcal_e7_to05_tc05_s2_slm17_TP3_ad2_mh90,VIC,7,0.5,0.5,2,1.7,TP3,2,90,1086604.41,12.17,27994.3,1457.67,1319,True,True
vcal_e7_to05_tc05_s2_slm15_TP3_ad2_mh300,VIC,7,0.5,0.5,2,1.5,TP3,2,300,1585899.33,12.23,27982.42,1304.75,1319,True,True
vcal_e8_to05_tc15_s2_slm17_TP3_ad1_mh60,VIC,8,0.5,1.5,2,1.7,TP3,1,60,646959.23,11.88,27973.97,1614.78,1319,True,True
vcal_e7_to05_tc15_s2_slm15_TP3_ad0_mh240,VIC,7,0.5,1.5,2,1.5,TP3,0,240,1560248.56,12.31,27846.4,1468.09,1319,True,True
vcal_e7_to05_tc05_s2_slm15_TP3_ad0_mh90,VIC,7,0.5,0.5,2,1.5,TP3,0,90,1650141.54,12.14,27832.4,1602.1,1319,True,True
vcal_e8_to05_tc05_s2_slm15_TP3_ad2_mh60,VIC,8,0.5,0.5,2,1.5,TP3,2,60,940752.99,11.75,27803.18,1629.03,1319,True,True
vcal_e8_to05_tc15_s2_slm17_TP3_ad2_mh60,VIC,8,0.5,1.5,2,1.7,TP3,2,60,627803.12,11.81,27698.74,1595.71,1319,True,True
vcal_e7_to05_tc15_s2_slm17_TP3_ad0_mh90,VIC,7,0.5,1.5,2,1.7,TP3,0,90,1049285.08,12.17,27619.05,1528.87,1319,True,True
vcal_e8_to05_tc15_s2_slm15_TP3_ad0_mh60,VIC,8,0.5,1.5,2,1.5,TP3,0,60,925847.65,11.81,27586.68,1737.74,1319,True,True
vcal_e7_to05_tc05_s2_slm15_TP3_ad1_mh150,VIC,7,0.5,0.5,2,1.5,TP3,1,150,1570757.79,12.23,27520.67,1357.45,1319,True,True
vcal_e7_to05_tc15_s2_slm17_TP3_ad1_mh150,VIC,7,0.5,1.5,2,1.7,TP3,1,150,1021942.01,12.36,27456.3,1276.91,1319,True,True
vcal_e7_to05_tc05_s2_slm15_TP3_ad2_mh150,VIC,7,0.5,0.5,2,1.5,TP3,2,150,1518586.36,12.26,27372.32,1366.5,1319,True,True
vcal_e8_to05_tc05_s2_slm17_TP2_ad0_mh240,VIC,8,0.5,0.5,2,1.7,TP2,0,240,639230.94,12.23,27298.94,1570.25,1319,True,True
vcal_e8_to05_tc15_s2_slm17_TP2_ad0_mh240,VIC,8,0.5,1.5,2,1.7,TP2,0,240,639230.94,12.23,27298.94,1570.25,1319,True,True
vcal_e7_to05_tc15_s2_slm15_TP3_ad1_mh240,VIC,7,0.5,1.5,2,1.5,TP3,1,240,1472361.09,12.3,27277.4,1341.32,1319,True,True
vcal_e7_to05_tc15_s2_slm17_TP3_ad2_mh150,VIC,7,0.5,1.5,2,1.7,TP3,2,150,983845.05,12.35,27272.37,1289.44,1319,True,True
vcal_e7_to05_tc05_s2_slm15_TP3_ad1_mh90,VIC,7,0.5,0.5,2,1.5,TP3,1,90,1521727.37,12.16,27215.76,1465.32,1319,True,True
vcal_e7_to05_tc15_s2_slm15_TP3_ad0_mh300,VIC,7,0.5,1.5,2,1.5,TP3,0,300,1424798.78,12.26,27204.47,1335.48,1319,True,True
vcal_e7_to05_tc15_s2_slm17_TP3_ad1_mh90,VIC,7,0.5,1.5,2,1.7,TP3,1,90,984769.39,12.23,27171.72,1388.75,1319,True,True
vcal_e8_to05_tc05_s2_slm17_TP2_ad1_mh240,VIC,8,0.5,0.5,2,1.7,TP2,1,240,624710.23,12.27,26988.34,1393.25,1319,True,True
vcal_e8_to05_tc15_s2_slm17_TP2_ad1_mh240,VIC,8,0.5,1.5,2,1.7,TP2,1,240,624710.23,12.27,26988.34,1393.25,1319,True,True
vcal_e7_to05_tc15_s2_slm15_TP3_ad2_mh240,VIC,7,0.5,1.5,2,1.5,TP3,2,240,1368694.67,12.28,26984.74,1346.18,1319,True,True
vcal_e8_to05_tc05_s2_slm17_TP2_ad0_mh90,VIC,8,0.5,0.5,2,1.7,TP2,0,90,629117.6,12.01,26981.43,1657.01,1319,True,True
vcal_e8_to05_tc15_s2_slm17_TP2_ad0_mh90,VIC,8,0.5,1.5,2,1.7,TP2,0,90,629117.6,12.01,26981.43,1657.01,1319,True,True
vcal_e8_to05_tc15_s2_slm15_TP3_ad1_mh60,VIC,8,0.5,1.5,2,1.5,TP3,1,60,859622.95,11.79,26952.43,1599.4,1319,True,True
vcal_e7_to05_tc15_s2_slm15_TP3_ad0_mh150,VIC,7,0.5,1.5,2,1.5,TP3,0,150,1421186.35,12.29,26817.64,1354.52,1319,True,True
vcal_e7_to05_tc05_s2_slm15_TP3_ad2_mh90,VIC,7,0.5,0.5,2,1.5,TP3,2,90,1416054.49,12.14,26779.31,1468.54,1319,True,True
vcal_e8_to05_tc05_s2_slm17_TP2_ad0_mh150,VIC,8,0.5,0.5,2,1.7,TP2,0,150,613811.36,12.37,26743.03,1412.93,1319,True,True
vcal_e8_to05_tc15_s2_slm17_TP2_ad0_mh150,VIC,8,0.5,1.5,2,1.7,TP2,0,150,613811.36,12.37,26743.03,1412.93,1319,True,True
vcal_e8_to05_tc05_s2_slm17_TP2_ad2_mh240,VIC,8,0.5,0.5,2,1.7,TP2,2,240,598075.33,12.41,26728.85,1398.11,1319,True,True
vcal_e8_to05_tc15_s2_slm17_TP2_ad2_mh240,VIC,8,0.5,1.5,2,1.7,TP2,2,240,598075.33,12.41,26728.85,1398.11,1319,True,True
vcal_e8_to05_tc15_s2_slm15_TP3_ad2_mh60,VIC,8,0.5,1.5,2,1.5,TP3,2,60,818939.35,11.83,26706.52,1580.33,1319,True,True
vcal_e7_to05_tc15_s2_slm17_TP3_ad2_mh90,VIC,7,0.5,1.5,2,1.7,TP3,2,90,932794.48,12.2,26691.8,1391.97,1319,True,True
vcal_e7_to05_tc15_s2_slm15_TP3_ad1_mh300,VIC,7,0.5,1.5,2,1.5,TP3,1,300,1313332.14,12.28,26581.14,1208.71,1319,True,True
vcal_e8_to05_tc05_s2_slm17_TP2_ad1_mh90,VIC,8,0.5,0.5,2,1.7,TP2,1,90,612018.57,12.01,26562.55,1495.85,1319,True,True
vcal_e8_to05_tc15_s2_slm17_TP2_ad1_mh90,VIC,8,0.5,1.5,2,1.7,TP2,1,90,612018.57,12.01,26562.55,1495.85,1319,True,True
vcal_e7_to05_tc15_s2_slm15_TP3_ad0_mh90,VIC,7,0.5,1.5,2,1.5,TP3,0,90,1364806.63,12.17,26547.51,1530.4,1319,True,True
vcal_e8_to05_tc05_s2_slm17_TP2_ad0_mh300,VIC,8,0.5,0.5,2,1.7,TP2,0,300,575395.89,12.22,26266.71,1401.14,1319,True,True
vcal_e8_to05_tc15_s2_slm17_TP2_ad0_mh300,VIC,8,0.5,1.5,2,1.7,TP2,0,300,575395.89,12.22,26266.71,1401.14,1319,True,True
vcal_e8_to05_tc05_s2_slm17_TP2_ad1_mh150,VIC,8,0.5,0.5,2,1.7,TP2,1,150,584027.54,12.18,26133.54,1302.08,1319,True,True
vcal_e8_to05_tc15_s2_slm17_TP2_ad1_mh150,VIC,8,0.5,1.5,2,1.7,TP2,1,150,584027.54,12.18,26133.54,1302.08,1319,True,True
vcal_e7_to05_tc15_s2_slm15_TP3_ad2_mh300,VIC,7,0.5,1.5,2,1.5,TP3,2,300,1238684.02,12.27,26117.25,1208.21,1319,True,True
vcal_e8_to05_tc05_s2_slm15_TP2_ad0_mh90,VIC,8,0.5,0.5,2,1.5,TP2,0,90,809601.92,12.0,26071.51,1665.3,1319,True,True
vcal_e8_to05_tc15_s2_slm15_TP2_ad0_mh90,VIC,8,0.5,1.5,2,1.5,TP2,0,90,809601.92,12.0,26071.51,1665.3,1319,True,True
vcal_e8_to05_tc05_s2_slm17_TP2_ad2_mh90,VIC,8,0.5,0.5,2,1.7,TP2,2,90,570913.41,11.96,26051.44,1498.88,1319,True,True
vcal_e8_to05_tc15_s2_slm17_TP2_ad2_mh90,VIC,8,0.5,1.5,2,1.7,TP2,2,90,570913.41,11.96,26051.44,1498.88,1319,True,True
vcal_e8_to05_tc05_s2_slm17_TP2_ad1_mh300,VIC,8,0.5,0.5,2,1.7,TP2,1,300,559113.06,12.17,26018.77,1224.14,1319,True,True
vcal_e8_to05_tc15_s2_slm17_TP2_ad1_mh300,VIC,8,0.5,1.5,2,1.7,TP2,1,300,559113.06,12.17,26018.77,1224.14,1319,True,True
vcal_e7_to05_tc15_s2_slm15_TP3_ad1_mh150,VIC,7,0.5,1.5,2,1.5,TP3,1,150,1283190.57,12.25,25964.13,1275.59,1319,True,True
vcal_e7_to05_tc15_s2_slm15_TP3_ad1_mh90,VIC,7,0.5,1.5,2,1.5,TP3,1,90,1280856.11,12.18,25952.87,1399.62,1319,True,True
vcal_e8_to05_tc05_s2_slm17_TP2_ad2_mh150,VIC,8,0.5,0.5,2,1.7,TP2,2,150,558721.17,12.21,25922.41,1317.45,1319,True,True
vcal_e8_to05_tc15_s2_slm17_TP2_ad2_mh150,VIC,8,0.5,1.5,2,1.7,TP2,2,150,558721.17,12.21,25922.41,1317.45,1319,True,True
vcal_e7_to05_tc05_s2_slm17_TP3_ad0_mh60,VIC,7,0.5,0.5,2,1.7,TP3,0,60,793260.73,11.91,25919.36,1564.35,1319,True,True
vcal_e8_to05_tc05_s2_slm15_TP2_ad0_mh240,VIC,8,0.5,0.5,2,1.5,TP2,0,240,775944.97,12.11,25863.73,1512.45,1319,True,True
vcal_e8_to05_tc15_s2_slm15_TP2_ad0_mh240,VIC,8,0.5,1.5,2,1.5,TP2,0,240,775944.97,12.11,25863.73,1512.45,1319,True,True
vcal_e7_to05_tc15_s2_slm15_TP3_ad2_mh150,VIC,7,0.5,1.5,2,1.5,TP3,2,150,1232110.79,12.33,25827.78,1284.64,1319,True,True
vcal_e8_to05_tc05_s2_slm17_TP2_ad2_mh300,VIC,8,0.5,0.5,2,1.7,TP2,2,300,543260.63,12.59,25735.73,1223.64,1319,True,True
vcal_e8_to05_tc15_s2_slm17_TP2_ad2_mh300,VIC,8,0.5,1.5,2,1.7,TP2,2,300,543260.63,12.59,25735.73,1223.64,1319,True,True
vcal_e8_to05_tc05_s2_slm15_TP2_ad1_mh90,VIC,8,0.5,0.5,2,1.5,TP2,1,90,771366.58,11.97,25570.08,1513.48,1319,True,True
vcal_e8_to05_tc15_s2_slm15_TP2_ad1_mh90,VIC,8,0.5,1.5,2,1.5,TP2,1,90,771366.58,11.97,25570.08,1513.48,1319,True,True
vcal_e7_to05_tc15_s2_slm15_TP3_ad2_mh90,VIC,7,0.5,1.5,2,1.5,TP3,2,90,1193020.57,12.13,25529.42,1402.84,1319,True,True
vcal_e7_to05_tc05_s2_slm17_TP3_ad1_mh60,VIC,7,0.5,0.5,2,1.7,TP3,1,60,758252.96,11.91,25494.55,1440.91,1319,True,True
vcal_e8_to05_tc05_s2_slm15_TP2_ad0_mh150,VIC,8,0.5,0.5,2,1.5,TP2,0,150,757407.99,12.14,25444.23,1398.35,1319,True,True
vcal_e8_to05_tc15_s2_slm15_TP2_ad0_mh150,VIC,8,0.5,1.5,2,1.5,TP2,0,150,757407.99,12.14,25444.23,1398.35,1319,True,True
vcal_e8_to05_tc05_s2_slm15_TP2_ad1_mh240,VIC,8,0.5,0.5,2,1.5,TP2,1,240,741697.05,12.13,25397.67,1361.78,1319,True,True
vcal_e8_to05_tc15_s2_slm15_TP2_ad1_mh240,VIC,8,0.5,1.5,2,1.5,TP2,1,240,741697.05,12.13,25397.67,1361.78,1319,True,True
vcal_e7_to05_tc05_s2_slm17_TP3_ad2_mh60,VIC,7,0.5,0.5,2,1.7,TP3,2,60,726105.38,11.93,25273.46,1426.15,1319,True,True
vcal_e8_to05_tc05_s2_slm15_TP2_ad2_mh90,VIC,8,0.5,0.5,2,1.5,TP2,2,90,741333.96,11.91,25118.2,1516.51,1319,True,True
vcal_e8_to05_tc15_s2_slm15_TP2_ad2_mh90,VIC,8,0.5,1.5,2,1.5,TP2,2,90,741333.96,11.91,25118.2,1516.51,1319,True,True
vcal_e8_to05_tc05_s2_slm15_TP2_ad2_mh240,VIC,8,0.5,0.5,2,1.5,TP2,2,240,707323.44,12.15,25092.86,1366.64,1319,True,True
vcal_e8_to05_tc15_s2_slm15_TP2_ad2_mh240,VIC,8,0.5,1.5,2,1.5,TP2,2,240,707323.44,12.15,25092.86,1366.64,1319,True,True
vcal_e7_to05_tc05_s2_slm15_TP3_ad0_mh60,VIC,7,0.5,0.5,2,1.5,TP3,0,60,1051347.13,11.97,25043.15,1553.45,1319,True,True
vcal_e7_to05_tc15_s2_slm17_TP3_ad0_mh60,VIC,7,0.5,1.5,2,1.7,TP3,0,60,693748.39,11.95,24903.5,1523.65,1319,True,True
vcal_e8_to05_tc05_s2_slm15_TP2_ad0_mh300,VIC,8,0.5,0.5,2,1.5,TP2,0,300,695595.45,12.12,24778.45,1334.89,1319,True,True
vcal_e8_to05_tc15_s2_slm15_TP2_ad0_mh300,VIC,8,0.5,1.5,2,1.5,TP2,0,300,695595.45,12.12,24778.45,1334.89,1319,True,True
vcal_e8_to05_tc05_s2_slm15_TP2_ad1_mh150,VIC,8,0.5,0.5,2,1.5,TP2,1,150,708089.53,12.13,24715.88,1304.64,1319,True,True
vcal_e8_to05_tc15_s2_slm15_TP2_ad1_mh150,VIC,8,0.5,1.5,2,1.5,TP2,1,150,708089.53,12.13,24715.88,1304.64,1319,True,True
vcal_e8_to05_tc05_s2_slm17_TP2_ad0_mh60,VIC,8,0.5,0.5,2,1.7,TP2,0,60,451404.33,11.77,24631.54,1671.74,1319,True,True
vcal_e8_to05_tc15_s2_slm17_TP2_ad0_mh60,VIC,8,0.5,1.5,2,1.7,TP2,0,60,451404.33,11.77,24631.54,1671.74,1319,True,True
vcal_e8_to05_tc05_s2_slm15_TP2_ad2_mh150,VIC,8,0.5,0.5,2,1.5,TP2,2,150,674475.05,12.4,24551.82,1316.53,1319,True,True
vcal_e8_to05_tc15_s2_slm15_TP2_ad2_mh150,VIC,8,0.5,1.5,2,1.5,TP2,2,150,674475.05,12.4,24551.82,1316.53,1319,True,True
vcal_e7_to05_tc15_s2_slm17_TP3_ad1_mh60,VIC,7,0.5,1.5,2,1.7,TP3,1,60,661572.21,11.96,24491.69,1400.21,1319,True,True
vcal_e7_to05_tc05_s2_slm15_TP3_ad1_mh60,VIC,7,0.5,0.5,2,1.5,TP3,1,60,978163.2,11.88,24451.0,1435.63,1319,True,True
vcal_e7_to05_tc15_s2_slm17_TP3_ad2_mh60,VIC,7,0.5,1.5,2,1.7,TP3,2,60,635276.37,11.91,24282.6,1384.45,1319,True,True
vcal_e8_to05_tc05_s2_slm17_TP2_ad1_mh60,VIC,8,0.5,0.5,2,1.7,TP2,1,60,443059.17,11.75,24265.3,1527.78,1319,True,True
vcal_e8_to05_tc15_s2_slm17_TP2_ad1_mh60,VIC,8,0.5,1.5,2,1.7,TP2,1,60,443059.17,11.75,24265.3,1527.78,1319,True,True
vcal_e7_to05_tc05_s2_slm15_TP3_ad2_mh60,VIC,7,0.5,0.5,2,1.5,TP3,2,60,963086.41,11.92,24259.96,1420.87,1319,True,True
vcal_e8_to05_tc05_s2_slm15_TP2_ad1_mh300,VIC,8,0.5,0.5,2,1.5,TP2,1,300,659354.17,12.15,24250.11,1184.22,1319,True,True
vcal_e8_to05_tc15_s2_slm15_TP2_ad1_mh300,VIC,8,0.5,1.5,2,1.5,TP2,1,300,659354.17,12.15,24250.11,1184.22,1319,True,True
vcal_e7_to05_tc15_s2_slm15_TP3_ad0_mh60,VIC,7,0.5,1.5,2,1.5,TP3,0,60,938457.47,11.96,24053.9,1512.75,1319,True,True
vcal_e8_to05_tc05_s2_slm17_TP2_ad2_mh60,VIC,8,0.5,0.5,2,1.7,TP2,2,60,425583.7,11.74,24009.18,1508.43,1319,True,True
vcal_e8_to05_tc15_s2_slm17_TP2_ad2_mh60,VIC,8,0.5,1.5,2,1.7,TP2,2,60,425583.7,11.74,24009.18,1508.43,1319,True,True
vcal_e7_to05_tc05_s2_slm17_TP2_ad0_mh240,VIC,7,0.5,0.5,2,1.7,TP2,0,240,666190.69,12.26,23995.97,1364.0,1319,True,True
vcal_e7_to05_tc15_s2_slm17_TP2_ad0_mh240,VIC,7,0.5,1.5,2,1.7,TP2,0,240,666190.69,12.26,23995.97,1364.0,1319,True,True
vcal_e8_to05_tc05_s2_slm15_TP2_ad0_mh60,VIC,8,0.5,0.5,2,1.5,TP2,0,60,595862.18,11.74,23938.53,1650.74,1319,True,True
vcal_e8_to05_tc15_s2_slm15_TP2_ad0_mh60,VIC,8,0.5,1.5,2,1.5,TP2,0,60,595862.18,11.74,23938.53,1650.74,1319,True,True
vcal_e8_to05_tc05_s2_slm15_TP2_ad2_mh300,VIC,8,0.5,0.5,2,1.5,TP2,2,300,623733.7,13.41,23898.01,1183.72,1319,True,True
vcal_e8_to05_tc15_s2_slm15_TP2_ad2_mh300,VIC,8,0.5,1.5,2,1.5,TP2,2,300,623733.7,13.41,23898.01,1183.72,1319,True,True
vcal_e7_to05_tc05_s2_slm17_TP2_ad1_mh240,VIC,7,0.5,0.5,2,1.7,TP2,1,240,637569.57,12.3,23745.8,1211.8,1319,True,True
vcal_e7_to05_tc15_s2_slm17_TP2_ad1_mh240,VIC,7,0.5,1.5,2,1.7,TP2,1,240,637569.57,12.3,23745.8,1211.8,1319,True,True
vcal_e7_to05_tc05_s2_slm17_TP2_ad0_mh90,VIC,7,0.5,0.5,2,1.7,TP2,0,90,647401.15,12.15,23560.83,1430.86,1319,True,True
vcal_e7_to05_tc15_s2_slm17_TP2_ad0_mh90,VIC,7,0.5,1.5,2,1.7,TP2,0,90,647401.15,12.15,23560.83,1430.86,1319,True,True
vcal_e7_to05_tc05_s2_slm17_TP2_ad2_mh240,VIC,7,0.5,0.5,2,1.7,TP2,2,240,625176.91,12.3,23532.19,1216.66,1319,True,True
vcal_e7_to05_tc15_s2_slm17_TP2_ad2_mh240,VIC,7,0.5,1.5,2,1.7,TP2,2,240,625176.91,12.3,23532.19,1216.66,1319,True,True
vcal_e7_to05_tc15_s2_slm15_TP3_ad1_mh60,VIC,7,0.5,1.5,2,1.5,TP3,1,60,861057.72,11.91,23477.75,1394.93,1319,True,True
vcal_e7_to05_tc05_s2_slm17_TP2_ad0_mh150,VIC,7,0.5,0.5,2,1.7,TP2,0,150,642157.63,12.31,23439.9,1208.59,1319,True,True
vcal_e7_to05_tc15_s2_slm17_TP2_ad0_mh150,VIC,7,0.5,1.5,2,1.7,TP2,0,150,642157.63,12.31,23439.9,1208.59,1319,True,True
vcal_e8_to05_tc05_s2_slm15_TP2_ad1_mh60,VIC,8,0.5,0.5,2,1.5,TP2,1,60,562456.82,11.77,23435.64,1512.4,1319,True,True
vcal_e8_to05_tc15_s2_slm15_TP2_ad1_mh60,VIC,8,0.5,1.5,2,1.5,TP2,1,60,562456.82,11.77,23435.64,1512.4,1319,True,True
vcal_e7_to05_tc15_s2_slm15_TP3_ad2_mh60,VIC,7,0.5,1.5,2,1.5,TP3,2,60,825990.02,11.98,23298.71,1379.17,1319,True,True
vcal_e8_to05_tc05_s2_slm15_TP2_ad2_mh60,VIC,8,0.5,0.5,2,1.5,TP2,2,60,540858.77,11.73,23210.12,1493.05,1319,True,True
vcal_e8_to05_tc15_s2_slm15_TP2_ad2_mh60,VIC,8,0.5,1.5,2,1.5,TP2,2,60,540858.77,11.73,23210.12,1493.05,1319,True,True
vcal_e7_to05_tc05_s2_slm17_TP2_ad1_mh90,VIC,7,0.5,0.5,2,1.7,TP2,1,90,621713.05,12.12,23194.64,1292.42,1319,True,True
vcal_e7_to05_tc15_s2_slm17_TP2_ad1_mh90,VIC,7,0.5,1.5,2,1.7,TP2,1,90,621713.05,12.12,23194.64,1292.42,1319,True,True
vcal_e7_to05_tc05_s2_slm17_TP2_ad0_mh300,VIC,7,0.5,0.5,2,1.7,TP2,0,300,598735.39,12.27,23176.58,1232.99,1319,True,True
vcal_e7_to05_tc15_s2_slm17_TP2_ad0_mh300,VIC,7,0.5,1.5,2,1.7,TP2,0,300,598735.39,12.27,23176.58,1232.99,1319,True,True
vcal_e7_to05_tc05_s2_slm17_TP2_ad1_mh300,VIC,7,0.5,0.5,2,1.7,TP2,1,300,582366.58,12.3,22950.62,1080.79,1319,True,True
vcal_e7_to05_tc15_s2_slm17_TP2_ad1_mh300,VIC,7,0.5,1.5,2,1.7,TP2,1,300,582366.58,12.3,22950.62,1080.79,1319,True,True
vcal_e7_to05_tc05_s2_slm17_TP2_ad1_mh150,VIC,7,0.5,0.5,2,1.7,TP2,1,150,598924.31,12.24,22881.1,1114.2,1319,True,True
vcal_e7_to05_tc15_s2_slm17_TP2_ad1_mh150,VIC,7,0.5,1.5,2,1.7,TP2,1,150,598924.31,12.24,22881.1,1114.2,1319,True,True
vcal_e7_to05_tc05_s2_slm17_TP2_ad2_mh90,VIC,7,0.5,0.5,2,1.7,TP2,2,90,584675.9,12.13,22807.39,1295.64,1319,True,True
vcal_e7_to05_tc15_s2_slm17_TP2_ad2_mh90,VIC,7,0.5,1.5,2,1.7,TP2,2,90,584675.9,12.13,22807.39,1295.64,1319,True,True
vcal_e7_to05_tc05_s2_slm17_TP2_ad2_mh150,VIC,7,0.5,0.5,2,1.7,TP2,2,150,580009.51,12.49,22729.38,1126.73,1319,True,True
vcal_e7_to05_tc15_s2_slm17_TP2_ad2_mh150,VIC,7,0.5,1.5,2,1.7,TP2,2,150,580009.51,12.49,22729.38,1126.73,1319,True,True
vcal_e7_to05_tc05_s2_slm17_TP2_ad2_mh300,VIC,7,0.5,0.5,2,1.7,TP2,2,300,557976.49,12.33,22700.04,1080.29,1319,True,True
vcal_e7_to05_tc15_s2_slm17_TP2_ad2_mh300,VIC,7,0.5,1.5,2,1.7,TP2,2,300,557976.49,12.33,22700.04,1080.29,1319,True,True
vcal_e7_to05_tc05_s2_slm15_TP2_ad0_mh90,VIC,7,0.5,0.5,2,1.5,TP2,0,90,824021.76,12.09,22674.99,1432.39,1319,True,True
vcal_e7_to05_tc15_s2_slm15_TP2_ad0_mh90,VIC,7,0.5,1.5,2,1.5,TP2,0,90,824021.76,12.09,22674.99,1432.39,1319,True,True
vcal_e7_to05_tc05_s2_slm15_TP2_ad0_mh240,VIC,7,0.5,0.5,2,1.5,TP2,0,240,802545.4,12.17,22606.13,1294.48,1319,True,True
vcal_e7_to05_tc15_s2_slm15_TP2_ad0_mh240,VIC,7,0.5,1.5,2,1.5,TP2,0,240,802545.4,12.17,22606.13,1294.48,1319,True,True
vcal_e7_to05_tc05_s2_slm15_TP2_ad0_mh150,VIC,7,0.5,0.5,2,1.5,TP2,0,150,772541.67,12.17,22231.19,1200.55,1319,True,True
vcal_e7_to05_tc15_s2_slm15_TP2_ad0_mh150,VIC,7,0.5,1.5,2,1.5,TP2,0,150,772541.67,12.17,22231.19,1200.55,1319,True,True
vcal_e7_to05_tc05_s2_slm15_TP2_ad1_mh90,VIC,7,0.5,0.5,2,1.5,TP2,1,90,782746.26,12.13,22191.94,1303.29,1319,True,True
vcal_e7_to05_tc15_s2_slm15_TP2_ad1_mh90,VIC,7,0.5,1.5,2,1.5,TP2,1,90,782746.26,12.13,22191.94,1303.29,1319,True,True
vcal_e7_to05_tc05_s2_slm15_TP2_ad1_mh240,VIC,7,0.5,0.5,2,1.5,TP2,1,240,758504.47,12.21,22162.05,1168.61,1319,True,True
vcal_e7_to05_tc15_s2_slm15_TP2_ad1_mh240,VIC,7,0.5,1.5,2,1.5,TP2,1,240,758504.47,12.21,22162.05,1168.61,1319,True,True
vcal_e7_to05_tc05_s2_slm15_TP2_ad2_mh240,VIC,7,0.5,0.5,2,1.5,TP2,2,240,723619.59,12.17,21949.35,1173.47,1319,True,True
vcal_e7_to05_tc15_s2_slm15_TP2_ad2_mh240,VIC,7,0.5,1.5,2,1.5,TP2,2,240,723619.59,12.17,21949.35,1173.47,1319,True,True
vcal_e7_to05_tc05_s2_slm15_TP2_ad2_mh90,VIC,7,0.5,0.5,2,1.5,TP2,2,90,731866.53,12.08,21861.16,1306.51,1319,True,True
vcal_e7_to05_tc15_s2_slm15_TP2_ad2_mh90,VIC,7,0.5,1.5,2,1.5,TP2,2,90,731866.53,12.08,21861.16,1306.51,1319,True,True
vcal_e7_to05_tc05_s2_slm15_TP2_ad0_mh300,VIC,7,0.5,0.5,2,1.5,TP2,0,300,713543.09,12.24,21732.8,1156.41,1319,True,True
vcal_e7_to05_tc15_s2_slm15_TP2_ad0_mh300,VIC,7,0.5,1.5,2,1.5,TP2,0,300,713543.09,12.24,21732.8,1156.41,1319,True,True
vcal_e7_to05_tc05_s2_slm17_TP2_ad0_mh60,VIC,7,0.5,0.5,2,1.7,TP2,0,60,454976.76,11.88,21542.06,1447.45,1319,True,True
vcal_e7_to05_tc15_s2_slm17_TP2_ad0_mh60,VIC,7,0.5,1.5,2,1.7,TP2,0,60,454976.76,11.88,21542.06,1447.45,1319,True,True
vcal_e7_to05_tc05_s2_slm15_TP2_ad1_mh150,VIC,7,0.5,0.5,2,1.5,TP2,1,150,707246.36,12.24,21531.77,1123.3,1319,True,True
vcal_e7_to05_tc15_s2_slm15_TP2_ad1_mh150,VIC,7,0.5,1.5,2,1.5,TP2,1,150,707246.36,12.24,21531.77,1123.3,1319,True,True
vcal_e7_to05_tc05_s2_slm15_TP2_ad2_mh150,VIC,7,0.5,0.5,2,1.5,TP2,2,150,693397.77,12.2,21427.63,1132.35,1319,True,True
vcal_e7_to05_tc15_s2_slm15_TP2_ad2_mh150,VIC,7,0.5,1.5,2,1.5,TP2,2,150,693397.77,12.2,21427.63,1132.35,1319,True,True
vcal_e7_to05_tc05_s2_slm17_TP2_ad1_mh60,VIC,7,0.5,0.5,2,1.7,TP2,1,60,444182.74,11.85,21235.08,1324.01,1319,True,True
vcal_e7_to05_tc15_s2_slm17_TP2_ad1_mh60,VIC,7,0.5,1.5,2,1.7,TP2,1,60,444182.74,11.85,21235.08,1324.01,1319,True,True
vcal_e7_to05_tc05_s2_slm15_TP2_ad1_mh300,VIC,7,0.5,0.5,2,1.5,TP2,1,300,675672.36,12.19,21219.23,1030.54,1319,True,True
vcal_e7_to05_tc15_s2_slm15_TP2_ad1_mh300,VIC,7,0.5,1.5,2,1.5,TP2,1,300,675672.36,12.19,21219.23,1030.54,1319,True,True
vcal_e7_to05_tc05_s2_slm17_TP2_ad2_mh60,VIC,7,0.5,0.5,2,1.7,TP2,2,60,436129.68,11.87,21046.89,1307.97,1319,True,True
vcal_e7_to05_tc15_s2_slm17_TP2_ad2_mh60,VIC,7,0.5,1.5,2,1.7,TP2,2,60,436129.68,11.87,21046.89,1307.97,1319,True,True
vcal_e7_to05_tc05_s2_slm15_TP2_ad2_mh300,VIC,7,0.5,0.5,2,1.5,TP2,2,300,642114.99,13.39,20951.34,1030.04,1319,True,True
vcal_e7_to05_tc15_s2_slm15_TP2_ad2_mh300,VIC,7,0.5,1.5,2,1.5,TP2,2,300,642114.99,13.39,20951.34,1030.04,1319,True,True
vcal_e7_to05_tc05_s2_slm15_TP2_ad0_mh60,VIC,7,0.5,0.5,2,1.5,TP2,0,60,597793.87,11.85,20861.25,1436.55,1319,True,True
vcal_e7_to05_tc15_s2_slm15_TP2_ad0_mh60,VIC,7,0.5,1.5,2,1.5,TP2,0,60,597793.87,11.85,20861.25,1436.55,1319,True,True
vcal_e7_to05_tc05_s2_slm15_TP2_ad1_mh60,VIC,7,0.5,0.5,2,1.5,TP2,1,60,564636.88,11.87,20391.83,1318.73,1319,True,True
vcal_e7_to05_tc15_s2_slm15_TP2_ad1_mh60,VIC,7,0.5,1.5,2,1.5,TP2,1,60,564636.88,11.87,20391.83,1318.73,1319,True,True
vcal_e7_to05_tc05_s2_slm15_TP2_ad2_mh60,VIC,7,0.5,0.5,2,1.5,TP2,2,60,548402.91,11.89,20234.81,1302.69,1319,True,True
vcal_e7_to05_tc15_s2_slm15_TP2_ad2_mh60,VIC,7,0.5,1.5,2,1.5,TP2,2,60,548402.91,11.89,20234.81,1302.69,1319,True,True
vcal_e7_to0_tc0_s0_slm17_TP2_ad2_mh180,VIC,7,0.0,0.0,0,1.7,TP2,2,180,82155.77,16.38,8788.71,1192.05,1319,True,True
